CIK,DATE,packageid,Unnamed: 3,Unnamed: 4,Unnamed: 5
0001399249,2007-07-23 00:00:00,176604,,,
0001400891,1996-08-01 00:00:00,30949,,,
0001400891,1997-04-10 00:00:00,35163,,,
0001400891,2000-06-15 00:00:00,59786,,,
0001400891,2000-08-30 00:00:00,58419,,,
0001400891,2004-07-13 00:00:00,127862,,,
0001402057,1996-06-30 00:00:00,44340,,,
0001402057,2007-10-12 00:00:00,167080,,,
0001402159,1999-08-05 00:00:00,53346,,,
0001402159,2000-06-30 00:00:00,63273,,,
0001402388,2005-06-16 00:00:00,139412,,,
0001402436,2005-04-13 00:00:00,136484,,,
0001402436,2005-11-23 00:00:00,141568,,,
0001402436,2007-03-06 00:00:00,159327,,,
0001403161,2007-11-15 00:00:00,168255,,,
0001403385,2007-08-16 00:00:00,165392,,,
0001403568,2007-06-29 00:00:00,164810,,,
0001404624,2005-10-17 00:00:00,142506,,,
0001404624,2006-12-22 00:00:00,157077,,,
0001404675,2006-06-21 00:00:00,169707,,,
0001404675,2006-06-21 00:00:00,169708,,,
0001405197,2006-12-06 00:00:00,155454,,,
0001405197,2006-12-06 00:00:00,167625,,,
0001405197,2006-12-06 00:00:00,167627,,,
0001406407,1996-11-27 00:00:00,34438,,,
0001406407,1996-11-27 00:00:00,34439,,,
0001406587,2007-12-14 00:00:00,168566,,,
0001407313,2000-07-25 00:00:00,64048,,,
0001407313,2003-02-24 00:00:00,122608,,,
0001407463,2007-10-29 00:00:00,169461,,,
0001408075,1996-03-17 00:00:00,26466,,,
0001408075,1996-03-31 00:00:00,28914,,,
0001408075,2001-08-10 00:00:00,66152,,,
0001408075,2003-08-08 00:00:00,115605,,,
0001408075,2007-05-16 00:00:00,160673,,,
0001408075,2007-05-16 00:00:00,160674,,,
0001408100,1998-06-03 00:00:00,47941,,,
0001408100,1998-09-10 00:00:00,51048,,,
0001408100,2002-06-13 00:00:00,111220,,,
0001408100,2002-09-25 00:00:00,116721,,,
0001408198,2007-11-01 00:00:00,166613,,,
0001408287,2007-10-19 00:00:00,167067,,,
0001408808,2007-12-28 00:00:00,174551,,,
0001409134,2007-11-15 00:00:00,167925,,,
0001410637,2007-04-13 00:00:00,159742,,,
0001410637,2007-04-13 00:00:00,170408,,,
0001410838,2007-11-21 00:00:00,168241,,,
0001412192,2006-02-23 00:00:00,146163,,,
0001412192,2006-02-23 00:00:00,183909,,,
0001412354,2004-07-30 00:00:00,127966,,,
0001413159,2007-01-31 00:00:00,158432,,,
0001413329,2007-12-04 00:00:00,168507,,,
0001415020,2006-09-01 00:00:00,153210,,,
0001416436,2001-01-19 00:00:00,64126,,,
0001416436,2003-01-23 00:00:00,114087,,,
0001416436,2005-07-26 00:00:00,140775,,,
0001418167,2004-06-23 00:00:00,127435,,,
0001419581,1997-06-16 00:00:00,37816,,,
0001419581,1997-12-18 00:00:00,41384,,,
0001419581,1997-12-18 00:00:00,42484,,,
0001419581,1998-09-30 00:00:00,48012,,,
0001419581,1998-09-30 00:00:00,48448,,,
0001419581,1999-02-24 00:00:00,50499,,,
0001419581,2001-10-01 00:00:00,101292,,,
0001419581,2003-08-07 00:00:00,119047,,,
0001419581,2004-12-09 00:00:00,132083,,,
0001419581,2007-12-27 00:00:00,168893,,,
0001421182,2006-08-01 00:00:00,151736,,,
0001421182,2007-01-31 00:00:00,158716,,,
0001421419,2006-04-28 00:00:00,148863,,,
0001422105,2007-05-18 00:00:00,161049,,,
0001422862,1997-02-03 00:00:00,38627,,,
0001422862,1998-01-12 00:00:00,43835,,,
0001422862,1998-12-12 00:00:00,50657,,,
0001422862,2001-08-31 00:00:00,101350,,,
0001422862,2003-10-30 00:00:00,124840,,,
0001423221,2007-04-12 00:00:00,160561,,,
0001427553,1997-08-14 00:00:00,43552,,,
0001427553,1999-12-17 00:00:00,56557,,,
0001427553,2001-12-21 00:00:00,112132,,,
0001427553,2006-04-26 00:00:00,149853,,,
0001434598,1998-03-27 00:00:00,46882,,,
0001434598,2000-03-30 00:00:00,64576,,,
0001437107,2004-06-15 00:00:00,127066,,,
0001437107,2007-05-09 00:00:00,176729,,,
0001437107,2007-05-14 00:00:00,160755,,,
0001437578,1997-06-13 00:00:00,38753,,,
0001437578,2000-03-30 00:00:00,58849,,,
0001437578,2005-07-22 00:00:00,140800,,,
0001438731,1997-12-30 00:00:00,48338,,,
0001443062,1997-05-29 00:00:00,45973,,,
0001443799,2001-06-27 00:00:00,100551,,,
0001443799,2001-06-29 00:00:00,66187,,,
0001443799,2003-06-11 00:00:00,118016,,,
0001443799,2004-07-01 00:00:00,127516,,,
0001443799,2006-01-17 00:00:00,143799,,,
0001444331,2006-01-31 00:00:00,149092,,,
0001444679,2007-05-11 00:00:00,160884,,,
0001444679,2007-05-11 00:00:00,176599,,,
0001444914,1997-06-06 00:00:00,40647,,,
0001445049,1996-04-26 00:00:00,29404,,,
0001445049,1997-04-24 00:00:00,36855,,,
0001445049,1998-03-02 00:00:00,44254,,,
0001445049,1999-02-26 00:00:00,51342,,,
0001445049,2000-02-25 00:00:00,57367,,,
0001445049,2001-02-23 00:00:00,64813,,,
0001446251,2000-01-27 00:00:00,55497,,,
0001449732,1997-02-20 00:00:00,35083,,,
0001449732,2002-06-14 00:00:00,110782,,,
0001449732,2004-03-12 00:00:00,125180,,,
0001449732,2007-11-20 00:00:00,168581,,,
0001450598,1996-03-29 00:00:00,30276,,,
0001450598,1996-10-10 00:00:00,32858,,,
0001450598,1999-05-15 00:00:00,55096,,,
0001451505,1996-07-30 00:00:00,30811,,,
0001451505,1999-12-16 00:00:00,55302,,,
0001451505,1999-12-21 00:00:00,58268,,,
0001451505,2000-12-29 00:00:00,62033,,,
0001451505,2001-03-05 00:00:00,64770,,,
0001451505,2001-12-27 00:00:00,103311,,,
0001451505,2002-12-26 00:00:00,113557,,,
0001451505,2003-12-16 00:00:00,121909,,,
0001451505,2005-07-08 00:00:00,140245,,,
0001451505,2006-05-12 00:00:00,149727,,,
0001451505,2007-09-28 00:00:00,164081,,,
0001451505,2007-11-15 00:00:00,168149,,,
0001452217,2006-06-27 00:00:00,149105,,,
0001452217,2006-06-27 00:00:00,180393,,,
0001458660,2004-03-30 00:00:00,126158,,,
0001458891,1997-08-14 00:00:00,39804,,,
0001458891,2001-05-30 00:00:00,66596,,,
0001458891,2004-11-24 00:00:00,133002,,,
0001458891,2005-12-22 00:00:00,146129,,,
0001458891,2007-03-15 00:00:00,159636,,,
0001458891,2007-08-13 00:00:00,164083,,,
0001465112,1999-04-19 00:00:00,52592,,,
0001465112,1999-11-24 00:00:00,56475,,,
0001465112,1999-11-24 00:00:00,57863,,,
0001465112,1999-11-24 00:00:00,110637,,,
0001465112,2001-10-01 00:00:00,105757,,,
0001465112,2004-03-09 00:00:00,124876,,,
0001465112,2004-09-27 00:00:00,131070,,,
0001465112,2005-04-13 00:00:00,136111,,,
0001466258,2004-06-25 00:00:00,128841,,,
0001466258,2005-08-12 00:00:00,141387,,,
0001466258,2006-10-23 00:00:00,164506,,,
0001466593,2002-04-30 00:00:00,107353,,,
0001466593,2003-04-29 00:00:00,121185,,,
0001466593,2004-04-28 00:00:00,127338,,,
0001466593,2004-08-13 00:00:00,131077,,,
0001466593,2005-04-27 00:00:00,138083,,,
0001466593,2006-04-26 00:00:00,149616,,,
0001466593,2006-09-01 00:00:00,156252,,,
0001466593,2007-10-02 00:00:00,166340,,,
0001467858,2003-03-06 00:00:00,114174,,,
0001467858,2003-07-30 00:00:00,120340,,,
0001469433,2007-12-05 00:00:00,168339,,,
0001470215,1996-01-05 00:00:00,29693,,,
0001470215,1998-06-30 00:00:00,45622,,,
0001470215,2002-06-25 00:00:00,108723,,,
0001470215,2004-06-30 00:00:00,128837,,,
0001470215,2005-07-11 00:00:00,139215,,,
0001473061,2002-11-07 00:00:00,113322,,,
0001473061,2002-11-07 00:00:00,113323,,,
0001473061,2004-07-22 00:00:00,129050,,,
0001473061,2005-11-14 00:00:00,144314,,,
0001473061,2006-06-09 00:00:00,153637,,,
0001473061,2006-06-09 00:00:00,153638,,,
0001473061,2007-11-15 00:00:00,167928,,,
0001473061,2007-11-15 00:00:00,168287,,,
0001477381,1998-03-04 00:00:00,59398,,,
0001478085,2003-02-14 00:00:00,113831,,,
0001478085,2004-10-07 00:00:00,130807,,,
0001478085,2005-12-09 00:00:00,145014,,,
0001478085,2007-03-30 00:00:00,159659,,,
0001479920,2005-06-14 00:00:00,140304,,,
0001479920,2006-07-31 00:00:00,152363,,,
0001481582,2005-01-04 00:00:00,132590,,,
0001481582,2005-12-22 00:00:00,145066,,,
0001481582,2007-10-19 00:00:00,167101,,,
0001483096,2007-12-11 00:00:00,168660,,,
0001483393,2005-07-26 00:00:00,139251,,,
0001487730,1996-09-12 00:00:00,31226,,,
0001487730,1997-12-30 00:00:00,42551,,,
0001487730,1999-08-09 00:00:00,50515,,,
0001487730,2002-10-01 00:00:00,109472,,,
0001487730,2004-02-27 00:00:00,124796,,,
0001487730,2005-02-07 00:00:00,134627,,,
0001487730,2007-03-30 00:00:00,159355,,,
0001487730,2007-09-28 00:00:00,166354,,,
0001487999,2007-07-19 00:00:00,166596,,,
0001487999,2007-07-26 00:00:00,164194,,,
0001489979,2007-02-27 00:00:00,159035,,,
0001490165,2007-09-27 00:00:00,188223,,,
0001490906,2001-08-14 00:00:00,101602,,,
0001492633,2001-02-14 00:00:00,63762,,,
0001492633,2006-08-09 00:00:00,146257,,,
0001492658,2001-08-01 00:00:00,67363,,,
0001492658,2006-06-30 00:00:00,151235,,,
0001492691,1996-12-12 00:00:00,36403,,,
0001492691,1998-07-14 00:00:00,51651,,,
0001492691,1999-11-24 00:00:00,60963,,,
0001492691,2001-04-06 00:00:00,101180,,,
0001494037,2007-04-12 00:00:00,159406,,,
0001494037,2007-04-12 00:00:00,159443,,,
0001496048,2000-07-31 00:00:00,62547,,,
0001496048,2000-07-31 00:00:00,65159,,,
0001496048,2001-01-30 00:00:00,64334,,,
0001496048,2002-07-10 00:00:00,109027,,,
0001496048,2003-04-16 00:00:00,121098,,,
0001496048,2004-11-12 00:00:00,130975,,,
0001496048,2006-02-24 00:00:00,146227,,,
0001497350,1999-12-01 00:00:00,56316,,,
0001497350,2002-03-29 00:00:00,106362,,,
0001497350,2005-10-06 00:00:00,141875,,,
0001497350,2007-07-06 00:00:00,164688,,,
0001498301,2005-01-03 00:00:00,133646,,,
0001498720,1996-03-22 00:00:00,30783,,,
0001499268,2002-09-06 00:00:00,112983,,,
0001499268,2004-10-08 00:00:00,131555,,,
0001499268,2007-01-03 00:00:00,155991,,,
0001499832,2000-01-27 00:00:00,57340,,,
0001499832,2003-06-30 00:00:00,117356,,,
0001499832,2004-12-15 00:00:00,133734,,,
0001499832,2006-11-21 00:00:00,153271,,,
0001501919,2004-07-23 00:00:00,162477,,,
0001501919,2007-05-14 00:00:00,160693,,,
0001502650,2002-08-19 00:00:00,108533,,,
0001503518,2004-03-31 00:00:00,125574,,,
0001503518,2004-10-11 00:00:00,131910,,,
0001503518,2005-03-18 00:00:00,136336,,,
0001503518,2005-12-16 00:00:00,144939,,,
0001506307,1997-02-14 00:00:00,38263,,,
0001506307,1998-01-30 00:00:00,42850,,,
0001506307,1998-06-18 00:00:00,51173,,,
0001506307,1999-01-08 00:00:00,51163,,,
0001506307,1999-11-18 00:00:00,55978,,,
0001506307,2000-10-25 00:00:00,62146,,,
0001506307,2001-10-23 00:00:00,101306,,,
0001506307,2002-10-15 00:00:00,112085,,,
0001506307,2003-10-14 00:00:00,121347,,,
0001506307,2004-02-13 00:00:00,124334,,,
0001506307,2004-08-18 00:00:00,130205,,,
0001506307,2005-08-05 00:00:00,140963,,,
0001506307,2007-05-30 00:00:00,153034,,,
0001507934,2000-05-19 00:00:00,57355,,,
0001507934,2005-05-20 00:00:00,141713,,,
0001512090,2005-06-29 00:00:00,139634,,,
0001512090,2006-02-23 00:00:00,147505,,,
0001512090,2006-12-28 00:00:00,158690,,,
0001514128,1997-12-10 00:00:00,45865,,,
0001514128,1999-07-30 00:00:00,54816,,,
0001514128,2003-03-31 00:00:00,115552,,,
0001514128,2004-05-28 00:00:00,127884,,,
0001514128,2007-01-18 00:00:00,158711,,,
0001515003,2007-08-01 00:00:00,164652,,,
0001517393,1997-01-01 00:00:00,32688,,,
0001517393,1998-02-10 00:00:00,44559,,,
0001517393,2002-12-03 00:00:00,112969,,,
0001517393,2003-06-27 00:00:00,122762,,,
0001517393,2006-05-02 00:00:00,148957,,,
0001517650,2000-12-21 00:00:00,67305,,,
0001518587,1997-01-21 00:00:00,35097,,,
0001518587,1997-11-05 00:00:00,41081,,,
0001518587,1999-10-25 00:00:00,55740,,,
0001518587,2003-10-06 00:00:00,120598,,,
0001518587,2004-12-09 00:00:00,133372,,,
0001518587,2005-12-19 00:00:00,145577,,,
0001518587,2007-01-02 00:00:00,152527,,,
0001519267,1998-04-07 00:00:00,46361,,,
0001519267,2002-05-14 00:00:00,107712,,,
0001521332,1999-01-04 00:00:00,49322,,,
0001521332,2001-06-22 00:00:00,65967,,,
0001521332,2002-06-21 00:00:00,107971,,,
0001521332,2003-06-20 00:00:00,117623,,,
0001521332,2004-06-18 00:00:00,127506,,,
0001521332,2005-05-26 00:00:00,138151,,,
0001521332,2005-11-21 00:00:00,143355,,,
0001525769,1997-05-29 00:00:00,37574,,,
0001525769,2000-06-30 00:00:00,59897,,,
0001525769,2003-10-29 00:00:00,121572,,,
0001525769,2004-11-01 00:00:00,132683,,,
0001525769,2006-03-08 00:00:00,144931,,,
0001528558,1998-07-29 00:00:00,46909,,,
0001528849,1998-04-30 00:00:00,114026,,,
0001528849,2000-02-02 00:00:00,59134,,,
0001528849,2002-11-26 00:00:00,114108,,,
0001528849,2004-06-03 00:00:00,134139,,,
0001530804,2005-11-17 00:00:00,143918,,,
0001532063,1998-04-01 00:00:00,43854,,,
0001532063,1999-04-01 00:00:00,50723,,,
0001532063,1999-04-01 00:00:00,51153,,,
0001532063,2004-02-13 00:00:00,123789,,,
0001532063,2005-10-14 00:00:00,141859,,,
0001540145,1996-10-15 00:00:00,31372,,,
0001540145,1997-09-18 00:00:00,39488,,,
0001540145,2000-05-25 00:00:00,58902,,,
0001540145,2002-10-18 00:00:00,111673,,,
0001548621,2000-06-20 00:00:00,59483,,,
0001548621,2006-05-03 00:00:00,148862,,,
0001550910,2005-11-29 00:00:00,144315,,,
0001555218,1996-08-16 00:00:00,32075,,,
0001555218,1997-08-13 00:00:00,40040,,,
0001555218,1998-07-07 00:00:00,46029,,,
0001555218,2000-12-20 00:00:00,64355,,,
0001555218,2003-10-30 00:00:00,121488,,,
0001556739,1998-06-05 00:00:00,47889,,,
0001556739,2002-12-06 00:00:00,111645,,,
0001556739,2004-09-01 00:00:00,129665,,,
0001556739,2005-12-13 00:00:00,145181,,,
0001556739,2006-04-24 00:00:00,149746,,,
0001556739,2007-08-23 00:00:00,165430,,,
0001559149,1996-12-15 00:00:00,118036,,,
0001559149,2002-12-01 00:00:00,117847,,,
0001560968,1998-06-24 00:00:00,45615,,,
0001560968,2003-07-31 00:00:00,120198,,,
0001560968,2006-12-20 00:00:00,156863,,,
0001568639,1996-12-12 00:00:00,34055,,,
0001570585,2002-04-30 00:00:00,114243,,,
0001570585,2003-04-29 00:00:00,125238,,,
0001570585,2007-06-15 00:00:00,161219,,,
0001571508,2000-03-15 00:00:00,59180,,,
0001571949,2007-01-12 00:00:00,158074,,,
0001571996,1996-06-06 00:00:00,31352,,,
0001574532,2001-02-20 00:00:00,65590,,,
0001574532,2002-06-28 00:00:00,108709,,,
0001574532,2004-03-30 00:00:00,125993,,,
0001574532,2004-08-13 00:00:00,130002,,,
0001574532,2004-12-31 00:00:00,137162,,,
0001574532,2005-12-23 00:00:00,145616,,,
0001574532,2006-06-13 00:00:00,150793,,,
0001574815,1998-09-30 00:00:00,49165,,,
0001574815,1999-11-30 00:00:00,56235,,,
0001574815,2003-08-13 00:00:00,118478,,,
0001574815,2004-05-20 00:00:00,127573,,,
0001574815,2005-03-18 00:00:00,136627,,,
0001574815,2005-06-30 00:00:00,139787,,,
0001574815,2006-11-10 00:00:00,154946,,,
0001575360,2003-01-06 00:00:00,122186,,,
0001575360,2006-07-28 00:00:00,151754,,,
0001575571,2003-02-07 00:00:00,113808,,,
0001575571,2005-03-11 00:00:00,136210,,,
0001575571,2005-11-04 00:00:00,142813,,,
0001578845,1999-02-03 00:00:00,109744,,,
0001578845,2000-07-05 00:00:00,59196,,,
0001578845,2003-05-30 00:00:00,116285,,,
0001578845,2005-02-10 00:00:00,135782,,,
0001578845,2005-09-08 00:00:00,142094,,,
0001578845,2006-11-03 00:00:00,147619,,,
0001585364,1996-06-30 00:00:00,31946,,,
0001585364,1999-09-23 00:00:00,53577,,,
0001585364,2005-03-16 00:00:00,136552,,,
0001585364,2006-10-30 00:00:00,155603,,,
0001585689,1996-10-18 00:00:00,31337,,,
0001585689,1999-11-30 00:00:00,54247,,,
0001585689,2000-09-27 00:00:00,110459,,,
0001585689,2000-10-06 00:00:00,62019,,,
0001585689,2000-11-28 00:00:00,62021,,,
0001585689,2001-11-27 00:00:00,103024,,,
0001585689,2002-11-26 00:00:00,112894,,,
0001585689,2003-08-29 00:00:00,119680,,,
0001585689,2005-03-23 00:00:00,136544,,,
0001585689,2006-01-22 00:00:00,145910,,,
0001586300,2000-07-05 00:00:00,102848,,,
0001587987,2002-12-31 00:00:00,129166,,,
0001587987,2005-08-31 00:00:00,142713,,,
0001587987,2007-10-19 00:00:00,167546,,,
0001591877,2001-06-01 00:00:00,100984,,,
0001591877,2003-05-05 00:00:00,117050,,,
0001591877,2007-08-09 00:00:00,167811,,,
0001593034,2001-12-21 00:00:00,103748,,,
0001593936,1996-06-20 00:00:00,31827,,,
0001593936,1998-08-28 00:00:00,48028,,,
0001593936,2001-05-01 00:00:00,65464,,,
0001593936,2004-10-06 00:00:00,132262,,,
0001593936,2005-11-18 00:00:00,144420,,,
0001593936,2006-10-31 00:00:00,153779,,,
0001593936,2006-10-31 00:00:00,170625,,,
0001593936,2007-01-19 00:00:00,158014,,,
0001595262,2004-04-05 00:00:00,124918,,,
0001595262,2005-03-09 00:00:00,135282,,,
0001595262,2006-02-01 00:00:00,146951,,,
0001595262,2006-07-27 00:00:00,152451,,,
0001598014,2005-01-06 00:00:00,136662,,,
0001598014,2007-09-07 00:00:00,165742,,,
0001603923,1996-06-26 00:00:00,33686,,,
0001603923,1996-12-06 00:00:00,34333,,,
0001603923,1998-02-17 00:00:00,45745,,,
0001603923,2001-04-26 00:00:00,65323,,,
0001603923,2003-05-14 00:00:00,116550,,,
0001603923,2005-01-14 00:00:00,136796,,,
0001603923,2005-08-25 00:00:00,141788,,,
0001603923,2006-05-02 00:00:00,149655,,,
0001608109,1996-12-23 00:00:00,33660,,,
0001608109,1997-06-27 00:00:00,37177,,,
0001608109,1998-02-13 00:00:00,42842,,,
0001608109,1999-02-12 00:00:00,50362,,,
0001608109,2000-02-11 00:00:00,56827,,,
0001608109,2001-02-07 00:00:00,63971,,,
0001608109,2002-01-25 00:00:00,105123,,,
0001608109,2003-01-31 00:00:00,112698,,,
0001608109,2003-12-22 00:00:00,121625,,,
0001608109,2004-12-16 00:00:00,132863,,,
0001608109,2007-04-25 00:00:00,159921,,,
0001608109,2007-04-25 00:00:00,161539,,,
0001613103,2002-01-24 00:00:00,103729,,,
0001613103,2003-01-23 00:00:00,114042,,,
0001613103,2004-01-22 00:00:00,124464,,,
0001613103,2005-01-20 00:00:00,134813,,,
0001614675,2000-01-31 00:00:00,63582,,,
0001614675,2002-09-16 00:00:00,110962,,,
0001614675,2004-12-22 00:00:00,132492,,,
0001614675,2005-06-13 00:00:00,143882,,,
0001616262,1996-04-05 00:00:00,39036,,,
0001616262,2001-08-31 00:00:00,101493,,,
0001617227,2002-10-29 00:00:00,114706,,,
0001617227,2003-05-12 00:00:00,116872,,,
0001617667,1998-05-01 00:00:00,44665,,,
0001617667,2001-12-20 00:00:00,102114,,,
0001617667,2005-07-08 00:00:00,138833,,,
0001617667,2007-05-31 00:00:00,161928,,,
0001617667,2007-05-31 00:00:00,161930,,,
0001618673,1996-07-08 00:00:00,34842,,,
0001618673,1999-03-05 00:00:00,51306,,,
0001618673,2001-10-16 00:00:00,101770,,,
0001618673,2003-04-28 00:00:00,116487,,,
0001618673,2005-10-07 00:00:00,143419,,,
0001618865,1997-08-29 00:00:00,40620,,,
0001618865,2004-11-23 00:00:00,135555,,,
0001622536,2002-06-25 00:00:00,108415,,,
0001622536,2003-06-24 00:00:00,117890,,,
0001622536,2004-06-22 00:00:00,127184,,,
0001622536,2005-06-22 00:00:00,139683,,,
0001622536,2005-12-15 00:00:00,145390,,,
0001622536,2005-12-15 00:00:00,146361,,,
0001622536,2006-06-09 00:00:00,150686,,,
0001622536,2007-05-04 00:00:00,161442,,,
0001623595,2006-07-26 00:00:00,152464,,,
0001623613,2005-07-21 00:00:00,139166,,,
0001623613,2006-07-24 00:00:00,152497,,,
0001623613,2007-10-02 00:00:00,167950,,,
0001624899,1996-05-13 00:00:00,29512,,,
0001624899,1999-01-26 00:00:00,50114,,,
0001624899,2000-06-19 00:00:00,59340,,,
0001624899,2002-03-28 00:00:00,106127,,,
0001624899,2004-03-29 00:00:00,125981,,,
0001624899,2005-06-16 00:00:00,139802,,,
0001624899,2007-09-13 00:00:00,166127,,,
0001635235,2001-05-01 00:00:00,67255,,,
0001635235,2006-06-07 00:00:00,151201,,,
0001635235,2007-10-31 00:00:00,168291,,,
0001636023,1997-01-21 00:00:00,34446,,,
0001636023,2000-06-30 00:00:00,59193,,,
0001636023,2004-12-07 00:00:00,133711,,,
0001636023,2005-06-06 00:00:00,138448,,,
0001637120,2000-01-19 00:00:00,93183,,,
0001637120,2000-01-20 00:00:00,94116,,,
0001637120,2001-01-09 00:00:00,97646,,,
0001637120,2002-05-27 00:00:00,104976,,,
0001637120,2003-12-15 00:00:00,121674,,,
0001637120,2004-09-01 00:00:00,129962,,,
0001637120,2004-11-03 00:00:00,132067,,,
0001637459,2000-11-28 00:00:00,56854,,,
0001637459,2004-09-23 00:00:00,130058,,,
0001637512,2001-12-20 00:00:00,102310,,,
0001637512,2004-10-20 00:00:00,133542,,,
0001637512,2004-10-20 00:00:00,143062,,,
0001639691,2006-01-13 00:00:00,146282,,,
0001644147,2002-08-26 00:00:00,110267,,,
0001644147,2004-06-09 00:00:00,127840,,,
0001644147,2005-10-06 00:00:00,138504,,,
0001644147,2006-10-12 00:00:00,154925,,,
0001644147,2007-02-08 00:00:00,158333,,,
0001645494,1998-05-21 00:00:00,46478,,,
0001645494,2001-08-03 00:00:00,66068,,,
0001645676,2002-07-03 00:00:00,109746,,,
0001645676,2003-04-04 00:00:00,115080,,,
0001645676,2004-05-14 00:00:00,130860,,,
0001645676,2005-05-16 00:00:00,138546,,,
0001645676,2007-04-23 00:00:00,161248,,,
0001645676,2007-05-31 00:00:00,163512,,,
0001645676,2007-11-06 00:00:00,165892,,,
0001647509,2002-03-05 00:00:00,105779,,,
0001647509,2004-03-22 00:00:00,125691,,,
0001647509,2005-04-07 00:00:00,137688,,,
0001647509,2007-06-07 00:00:00,162775,,,
0001650107,1996-11-04 00:00:00,31698,,,
0001650107,2007-08-03 00:00:00,164598,,,
0001651347,1997-11-03 00:00:00,40751,,,
0001651347,2003-08-11 00:00:00,118526,,,
0001651347,2007-07-31 00:00:00,164451,,,
0001656239,1997-03-27 00:00:00,36281,,,
0001656239,1998-10-14 00:00:00,48988,,,
0001656239,2003-05-12 00:00:00,114786,,,
0001656239,2003-12-17 00:00:00,121929,,,
0001656239,2004-08-27 00:00:00,129231,,,
0001656239,2005-12-14 00:00:00,144081,,,
0001656239,2006-03-16 00:00:00,147682,,,
0001657853,2005-05-26 00:00:00,138760,,,
0001657853,2005-12-21 00:00:00,143983,,,
0001661215,2002-12-18 00:00:00,112143,,,
0001661215,2004-09-30 00:00:00,130230,,,
0001661290,1999-12-20 00:00:00,56755,,,
0001661290,2000-08-15 00:00:00,60569,,,
0001661290,2003-03-28 00:00:00,115556,,,
0001661290,2003-04-15 00:00:00,128010,,,
0001661290,2005-12-27 00:00:00,148323,,,
0001661290,2006-09-22 00:00:00,154334,,,
0001661290,2007-06-19 00:00:00,163288,,,
0001671013,2005-05-17 00:00:00,138525,,,
0001672909,1998-06-03 00:00:00,53326,,,
0001674862,2004-04-02 00:00:00,126209,,,
0001674862,2005-03-21 00:00:00,136472,,,
0001674862,2007-04-09 00:00:00,160986,,,
0001678531,1996-06-25 00:00:00,35896,,,
0001678531,1997-04-15 00:00:00,37412,,,
0001678531,1998-05-19 00:00:00,45634,,,
0001678531,2000-05-05 00:00:00,58669,,,
0001678531,2003-03-04 00:00:00,114884,,,
0001678531,2004-03-10 00:00:00,125801,,,
0001678531,2005-04-22 00:00:00,137776,,,
0001678531,2006-07-28 00:00:00,152656,,,
0001681459,2001-10-10 00:00:00,67438,,,
0001688568,1999-08-20 00:00:00,54572,,,
0001688568,2000-08-18 00:00:00,60181,,,
0001688568,2001-08-16 00:00:00,66720,,,
0001688568,2002-08-16 00:00:00,109073,,,
0001688568,2003-08-15 00:00:00,119422,,,
0001688568,2004-08-13 00:00:00,130073,,,
0001688568,2006-08-23 00:00:00,153006,,,
0001688568,2007-06-25 00:00:00,163328,,,
0001688568,2007-07-12 00:00:00,163274,,,
0001689437,1996-10-07 00:00:00,35301,,,
0001689437,1997-02-07 00:00:00,35237,,,
0001689437,2002-06-30 00:00:00,110196,,,
0001692115,1997-06-12 00:00:00,37468,,,
0001692115,2002-05-10 00:00:00,107504,,,
0001692115,2004-05-04 00:00:00,126289,,,
0001692115,2005-04-06 00:00:00,139801,,,
0001692115,2006-04-20 00:00:00,149646,,,
0001692115,2007-05-18 00:00:00,165978,,,
0001692819,2002-04-24 00:00:00,107101,,,
0001692819,2002-08-30 00:00:00,111671,,,
0001692819,2003-04-22 00:00:00,116333,,,
0001692819,2004-04-26 00:00:00,132094,,,
0001692819,2004-06-24 00:00:00,128159,,,
0001692819,2005-03-31 00:00:00,136058,,,
0001692819,2005-08-12 00:00:00,141388,,,
0001692819,2006-05-26 00:00:00,150753,,,
0001692819,2007-03-01 00:00:00,160648,,,
0001694426,2005-05-02 00:00:00,137326,,,
0001694426,2006-10-13 00:00:00,154034,,,
0001694426,2007-03-30 00:00:00,175329,,,
0001699150,1996-09-26 00:00:00,33143,,,
0001699150,2001-08-31 00:00:00,105705,,,
0001699150,2002-03-06 00:00:00,105247,,,
0001699150,2004-09-01 00:00:00,130472,,,
0001699150,2005-05-13 00:00:00,138332,,,
0001699150,2006-08-16 00:00:00,153195,,,
0001702780,1996-04-17 00:00:00,29612,,,
0001702780,1996-09-05 00:00:00,32872,,,
0001702780,1996-09-05 00:00:00,32896,,,
0001702780,1997-04-02 00:00:00,33031,,,
0001702780,1997-06-06 00:00:00,36454,,,
0001702780,1998-03-04 00:00:00,45281,,,
0001702780,1998-05-28 00:00:00,43851,,,
0001702780,1998-05-28 00:00:00,43852,,,
0001702780,1998-05-28 00:00:00,53783,,,
0001702780,2002-03-22 00:00:00,105161,,,
0001702780,2002-03-22 00:00:00,105162,,,
0001702780,2003-03-14 00:00:00,114259,,,
0001702780,2003-03-14 00:00:00,114261,,,
0001702780,2003-12-19 00:00:00,122979,,,
0001702780,2004-08-20 00:00:00,129701,,,
0001702780,2006-02-01 00:00:00,146591,,,
0001702780,2006-07-05 00:00:00,150969,,,
0001702780,2007-05-18 00:00:00,161239,,,
0001702780,2007-05-18 00:00:00,161251,,,
0001708055,1998-03-06 00:00:00,61945,,,
0001708055,2002-03-25 00:00:00,106239,,,
0001711269,2002-06-06 00:00:00,127737,,,
0001711269,2004-03-12 00:00:00,125176,,,
0001711269,2005-05-06 00:00:00,138339,,,
0001711269,2006-03-17 00:00:00,147811,,,
0001714179,2006-09-13 00:00:00,153972,,,
0001725526,2004-02-04 00:00:00,125946,,,
0001725526,2006-03-17 00:00:00,147800,,,
0001725526,2007-11-06 00:00:00,167601,,,
0001224608,1996-05-13 00:00:00,33194,,,
0001224608,1996-11-22 00:00:00,31511,,,
0001224608,1997-09-30 00:00:00,41031,,,
0001224608,1998-09-25 00:00:00,47350,,,
0001224608,2003-09-10 00:00:00,120200,,,
0001224608,2004-06-22 00:00:00,127814,,,
0001224608,2005-08-15 00:00:00,141342,,,
0001224608,2006-10-10 00:00:00,153894,,,
0001225525,2003-02-05 00:00:00,114529,,,
0001225525,2005-10-31 00:00:00,147598,,,
0001225525,2006-12-29 00:00:00,157711,,,
0001226308,2004-06-30 00:00:00,130389,,,
0001227654,2001-11-28 00:00:00,101621,,,
0001227654,2002-04-10 00:00:00,106262,,,
0001227654,2005-12-22 00:00:00,144533,,,
0001228068,2001-07-26 00:00:00,100536,,,
0001228068,2001-12-20 00:00:00,103715,,,
0001228068,2004-12-17 00:00:00,133499,,,
0001228068,2005-11-07 00:00:00,144139,,,
0001228862,1996-10-28 00:00:00,32805,,,
0001228862,2003-09-15 00:00:00,120221,,,
0001230245,1996-08-27 00:00:00,35093,,,
0001231868,2003-05-07 00:00:00,114824,,,
0001232229,2007-10-26 00:00:00,167273,,,
0001232241,2002-05-31 00:00:00,107898,,,
0001232241,2003-09-05 00:00:00,120017,,,
0001232241,2005-12-02 00:00:00,145293,,,
0001232384,2007-02-16 00:00:00,158941,,,
0001232582,2004-02-05 00:00:00,124238,,,
0001232582,2004-08-17 00:00:00,131087,,,
0001232582,2005-08-24 00:00:00,142980,,,
0001232582,2005-12-23 00:00:00,161538,,,
0001232582,2006-09-08 00:00:00,153720,,,
0001232582,2006-11-16 00:00:00,162998,,,
0001232582,2007-04-10 00:00:00,160950,,,
0001234006,2005-02-28 00:00:00,136202,,,
0001234006,2006-03-17 00:00:00,148865,,,
0001234006,2006-04-27 00:00:00,152528,,,
0001234006,2006-12-29 00:00:00,157386,,,
0001235162,2003-03-21 00:00:00,115252,,,
0001236038,2003-06-13 00:00:00,119081,,,
0001236038,2006-06-26 00:00:00,152507,,,
0001236309,2007-09-26 00:00:00,167044,,,
0001236736,2001-10-02 00:00:00,67445,,,
0001236736,2003-12-01 00:00:00,121141,,,
0001237941,1996-06-27 00:00:00,28786,,,
0001237941,1997-06-30 00:00:00,37390,,,
0001237941,1999-02-03 00:00:00,49200,,,
0001237941,2001-12-17 00:00:00,103184,,,
0001237941,2003-06-02 00:00:00,121062,,,
0001237941,2003-06-03 00:00:00,115428,,,
0001237941,2005-04-11 00:00:00,135797,,,
0001237941,2005-04-11 00:00:00,138137,,,
0001237941,2007-05-30 00:00:00,160964,,,
0001238631,2003-06-09 00:00:00,119830,,,
0001238631,2004-04-23 00:00:00,126318,,,
0001241199,2006-03-14 00:00:00,147728,,,
0001243429,2006-06-07 00:00:00,146304,,,
0001246263,2004-05-25 00:00:00,127722,,,
0001246263,2004-12-10 00:00:00,132867,,,
0001253710,2005-11-29 00:00:00,145334,,,
0001253710,2006-04-28 00:00:00,147213,,,
0001253808,2003-06-13 00:00:00,116904,,,
0001253808,2004-02-05 00:00:00,123740,,,
0001253986,2004-12-07 00:00:00,137874,,,
0001253986,2007-11-06 00:00:00,182052,,,
0001254419,2006-10-23 00:00:00,155316,,,
0001254419,2007-07-02 00:00:00,164016,,,
0001254595,2003-12-31 00:00:00,128957,,,
0001254595,2004-11-30 00:00:00,133462,,,
0001254595,2005-06-28 00:00:00,139883,,,
0001254595,2005-10-12 00:00:00,144836,,,
0001254595,2006-04-26 00:00:00,149761,,,
0001255474,2004-06-03 00:00:00,128212,,,
0001255474,2004-09-23 00:00:00,131404,,,
0001255474,2005-08-31 00:00:00,142119,,,
0001256536,1999-12-06 00:00:00,103231,,,
0001256536,2002-08-02 00:00:00,116241,,,
0001256536,2005-08-12 00:00:00,141673,,,
0001256536,2006-08-10 00:00:00,152567,,,
0001257803,2006-05-31 00:00:00,154227,,,
0001258602,2002-01-11 00:00:00,120891,,,
0001258602,2003-09-25 00:00:00,121707,,,
0001258602,2005-08-19 00:00:00,141078,,,
0001258602,2007-05-08 00:00:00,161592,,,
0001259045,1997-04-18 00:00:00,35068,,,
0001259045,1997-12-17 00:00:00,41756,,,
0001259045,1998-07-01 00:00:00,45245,,,
0001259045,2001-05-15 00:00:00,65327,,,
0001259045,2002-12-20 00:00:00,108153,,,
0001259045,2004-01-30 00:00:00,123753,,,
0001259045,2005-02-08 00:00:00,134729,,,
0001259429,2005-05-18 00:00:00,139200,,,
0001260221,2003-07-22 00:00:00,117593,,,
0001260221,2004-04-01 00:00:00,125456,,,
0001260221,2005-11-10 00:00:00,145779,,,
0001260221,2006-06-23 00:00:00,150286,,,
0001260221,2006-06-23 00:00:00,150893,,,
0001260349,2003-08-08 00:00:00,124837,,,
0001261302,2003-07-23 00:00:00,118298,,,
0001261302,2003-12-08 00:00:00,121900,,,
0001261302,2004-07-30 00:00:00,130181,,,
0001261302,2005-12-13 00:00:00,144843,,,
0001261482,2001-12-01 00:00:00,107131,,,
0001261654,2002-03-29 00:00:00,106488,,,
0001262279,2003-08-28 00:00:00,120504,,,
0001262415,2001-10-31 00:00:00,143570,,,
0001262415,2004-07-09 00:00:00,143568,,,
0001262415,2004-08-19 00:00:00,143569,,,
0001262415,2004-12-22 00:00:00,133981,,,
0001262415,2006-02-24 00:00:00,147102,,,
0001262768,2002-05-03 00:00:00,102721,,,
0001262768,2003-08-06 00:00:00,119143,,,
0001262768,2004-02-24 00:00:00,124324,,,
0001262768,2005-04-08 00:00:00,137527,,,
0001262768,2005-12-16 00:00:00,144083,,,
0001262823,2003-07-31 00:00:00,119312,,,
0001262823,2003-07-31 00:00:00,120561,,,
0001262823,2004-09-30 00:00:00,131069,,,
0001262943,2005-11-15 00:00:00,144137,,,
0001264010,2003-03-20 00:00:00,114159,,,
0001264010,2003-09-29 00:00:00,130132,,,
0001264010,2004-10-04 00:00:00,131283,,,
0001264010,2005-07-19 00:00:00,139661,,,
0001264089,2007-12-05 00:00:00,167366,,,
0001264242,2004-07-13 00:00:00,128146,,,
0001264242,2005-07-11 00:00:00,140796,,,
0001264242,2006-10-27 00:00:00,155572,,,
0001264707,2002-09-30 00:00:00,111061,,,
0001264707,2003-08-11 00:00:00,119193,,,
0001264707,2007-06-05 00:00:00,161501,,,
0001265107,2003-08-25 00:00:00,118798,,,
0001265107,2005-03-28 00:00:00,136547,,,
0001265131,2004-02-18 00:00:00,124458,,,
0001265888,2007-02-06 00:00:00,156856,,,
0001266112,2005-11-21 00:00:00,144689,,,
0001267097,2004-01-09 00:00:00,123780,,,
0001267097,2004-12-17 00:00:00,132747,,,
0001267097,2007-05-09 00:00:00,160676,,,
0001267130,2003-12-15 00:00:00,126195,,,
0001267130,2004-05-06 00:00:00,127194,,,
0001267130,2005-07-15 00:00:00,140570,,,
0001267130,2007-08-15 00:00:00,164791,,,
0001267238,2003-12-19 00:00:00,122654,,,
0001267238,2003-12-19 00:00:00,123808,,,
0001267238,2004-01-30 00:00:00,122653,,,
0001267238,2005-04-29 00:00:00,136580,,,
0001267395,2003-08-26 00:00:00,118293,,,
0001267395,2005-08-02 00:00:00,139306,,,
0001267482,2006-06-08 00:00:00,147144,,,
0001268039,2002-07-25 00:00:00,110633,,,
0001268533,2007-03-22 00:00:00,160072,,,
0001268671,2004-03-01 00:00:00,124723,,,
0001268671,2005-05-04 00:00:00,137327,,,
0001268671,2007-03-28 00:00:00,160185,,,
0001268984,2003-08-15 00:00:00,122728,,,
0001268984,2005-08-12 00:00:00,141367,,,
0001269132,2001-09-04 00:00:00,105459,,,
0001269132,2002-12-06 00:00:00,118537,,,
0001269132,2005-10-04 00:00:00,178286,,,
0001269871,2006-11-14 00:00:00,162018,,,
0001270400,2001-03-15 00:00:00,62563,,,
0001270400,2004-07-13 00:00:00,129057,,,
0001270400,2004-12-21 00:00:00,132356,,,
0001271193,1996-10-02 00:00:00,32317,,,
0001271193,1998-11-27 00:00:00,48895,,,
0001271193,1998-11-27 00:00:00,49405,,,
0001271193,1999-05-26 00:00:00,65212,,,
0001271193,2003-03-04 00:00:00,116175,,,
0001271193,2003-11-10 00:00:00,124754,,,
0001271193,2006-04-14 00:00:00,149274,,,
0001271625,2006-10-30 00:00:00,154937,,,
0001272547,2006-03-07 00:00:00,147371,,,
0001272547,2006-12-01 00:00:00,154916,,,
0001272957,1998-07-10 00:00:00,45343,,,
0001272957,2004-02-18 00:00:00,124606,,,
0001272957,2006-07-31 00:00:00,152642,,,
0001273441,2007-02-22 00:00:00,180330,,,
0001273685,2002-01-25 00:00:00,124091,,,
0001273685,2003-12-15 00:00:00,125379,,,
0001273801,2006-11-03 00:00:00,156082,,,
0001273813,2002-05-30 00:00:00,107755,,,
0001273813,2003-05-22 00:00:00,116828,,,
0001273813,2004-04-29 00:00:00,126899,,,
0001273813,2005-04-15 00:00:00,137833,,,
0001273813,2006-11-06 00:00:00,156134,,,
0001273931,1996-07-24 00:00:00,30834,,,
0001273931,2001-08-31 00:00:00,67325,,,
0001273931,2002-08-30 00:00:00,110383,,,
0001273931,2003-08-29 00:00:00,119903,,,
0001273931,2004-06-30 00:00:00,125976,,,
0001273931,2004-06-30 00:00:00,128324,,,
0001273931,2005-06-29 00:00:00,139437,,,
0001274057,2004-04-30 00:00:00,126192,,,
0001274057,2005-12-16 00:00:00,145244,,,
0001274563,2007-12-31 00:00:00,185017,,,
0001275014,2003-07-09 00:00:00,124636,,,
0001275014,2004-11-04 00:00:00,133163,,,
0001275014,2006-06-29 00:00:00,178908,,,
0001275283,2000-11-17 00:00:00,62893,,,
0001275283,2002-05-10 00:00:00,107514,,,
0001275283,2004-07-30 00:00:00,130360,,,
0001275283,2006-05-31 00:00:00,149203,,,
0001275283,2007-06-28 00:00:00,163026,,,
0001276187,2005-12-12 00:00:00,145227,,,
0001276187,2006-07-13 00:00:00,152315,,,
0001276477,2003-08-07 00:00:00,120095,,,
0001276520,2004-04-02 00:00:00,125266,,,
0001276520,2005-04-21 00:00:00,137842,,,
0001276520,2007-08-13 00:00:00,165026,,,
0001276721,1997-08-05 00:00:00,39722,,,
0001276827,2003-09-24 00:00:00,118527,,,
0001276827,2004-05-12 00:00:00,126864,,,
0001276827,2006-06-30 00:00:00,151263,,,
0001277475,2001-12-19 00:00:00,103529,,,
0001277475,2004-01-02 00:00:00,124538,,,
0001277475,2005-02-23 00:00:00,136274,,,
0001277475,2007-08-15 00:00:00,165264,,,
0001278027,2004-10-14 00:00:00,132426,,,
0001278382,2005-04-15 00:00:00,137843,,,
0001278752,2005-04-14 00:00:00,137641,,,
0001278752,2006-03-31 00:00:00,147833,,,
0001279094,2002-07-09 00:00:00,108411,,,
0001279228,2002-07-31 00:00:00,110081,,,
0001279228,2004-03-12 00:00:00,125294,,,
0001279228,2006-04-27 00:00:00,149523,,,
0001279228,2006-12-01 00:00:00,156589,,,
0001279228,2007-06-29 00:00:00,162901,,,
0001279363,2005-09-01 00:00:00,138650,,,
0001279529,2003-11-24 00:00:00,121522,,,
0001279529,2004-11-29 00:00:00,134272,,,
0001279529,2006-06-01 00:00:00,149583,,,
0001280058,2007-07-25 00:00:00,164500,,,
0001280191,1997-07-01 00:00:00,39826,,,
0001280191,1998-07-17 00:00:00,45712,,,
0001280191,1999-08-06 00:00:00,53229,,,
0001280191,2001-12-31 00:00:00,106859,,,
0001280191,2004-02-11 00:00:00,124032,,,
0001280191,2004-08-17 00:00:00,129296,,,
0001280191,2004-08-17 00:00:00,133709,,,
0001281223,2003-12-17 00:00:00,122401,,,
0001281949,2003-06-30 00:00:00,120885,,,
0001281949,2004-04-04 00:00:00,125985,,,
0001281949,2005-07-25 00:00:00,140710,,,
0001282266,2006-07-17 00:00:00,150289,,,
0001282266,2007-02-27 00:00:00,158593,,,
0001282398,2004-06-23 00:00:00,128697,,,
0001282398,2004-12-21 00:00:00,132908,,,
0001282398,2005-04-28 00:00:00,137496,,,
0001282398,2005-04-28 00:00:00,138998,,,
0001282398,2006-07-05 00:00:00,150713,,,
0001282543,2007-01-31 00:00:00,172709,,,
0001282552,1998-04-10 00:00:00,50955,,,
0001282552,1999-02-10 00:00:00,52538,,,
0001282552,1999-10-29 00:00:00,57841,,,
0001282552,2000-02-10 00:00:00,60065,,,
0001282552,2003-05-29 00:00:00,121647,,,
0001282552,2003-07-22 00:00:00,121137,,,
0001282552,2003-08-29 00:00:00,121138,,,
0001282552,2005-02-04 00:00:00,149792,,,
0001282552,2005-03-25 00:00:00,149790,,,
0001282552,2005-04-28 00:00:00,141843,,,
0001282637,1997-11-14 00:00:00,39637,,,
0001282637,2001-04-10 00:00:00,65875,,,
0001282637,2003-04-30 00:00:00,115726,,,
0001282637,2004-06-18 00:00:00,128388,,,
0001282637,2006-12-20 00:00:00,157402,,,
0001282648,2007-11-29 00:00:00,168504,,,
0001283140,2007-08-27 00:00:00,167443,,,
0001283552,2004-06-17 00:00:00,128046,,,
0001283552,2005-06-29 00:00:00,139670,,,
0001283552,2006-10-06 00:00:00,155497,,,
0001283630,2004-08-17 00:00:00,130020,,,
0001283630,2006-08-17 00:00:00,153351,,,
0001283664,2003-07-11 00:00:00,117591,,,
0001283683,2003-12-03 00:00:00,123161,,,
0001283683,2004-06-07 00:00:00,128045,,,
0001283683,2005-05-20 00:00:00,139194,,,
0001283683,2005-08-01 00:00:00,142529,,,
0001283709,2005-08-04 00:00:00,142476,,,
0001284529,2003-09-09 00:00:00,118844,,,
0001284529,2004-11-24 00:00:00,132630,,,
0001285043,2007-03-23 00:00:00,159726,,,
0001285785,2004-10-22 00:00:00,144493,,,
0001285785,2005-02-18 00:00:00,132010,,,
0001285785,2006-12-01 00:00:00,155522,,,
0001286043,2004-08-31 00:00:00,130913,,,
0001286131,2004-09-20 00:00:00,131327,,,
0001286131,2007-08-15 00:00:00,165394,,,
0001286613,2005-02-15 00:00:00,135932,,,
0001286681,2002-07-29 00:00:00,109587,,,
0001286681,2003-06-25 00:00:00,117218,,,
0001286681,2003-11-25 00:00:00,122411,,,
0001286681,2004-11-30 00:00:00,133440,,,
0001286681,2005-12-01 00:00:00,145027,,,
0001287032,2006-07-20 00:00:00,152708,,,
0001287151,2005-05-18 00:00:00,136104,,,
0001287286,1997-07-31 00:00:00,43876,,,
0001287286,1999-05-26 00:00:00,61620,,,
0001287286,2001-05-23 00:00:00,66790,,,
0001287286,2001-12-01 00:00:00,111813,,,
0001287286,2005-03-01 00:00:00,137682,,,
0001287286,2005-06-27 00:00:00,140590,,,
0001287503,2004-08-03 00:00:00,143676,,,
0001287808,2006-12-18 00:00:00,158021,,,
0001287865,2004-12-31 00:00:00,141948,,,
0001287865,2005-10-27 00:00:00,143914,,,
0001287865,2007-08-09 00:00:00,168022,,,
0001287865,2007-11-30 00:00:00,168359,,,
0001288359,2006-07-03 00:00:00,151809,,,
0001288359,2007-07-13 00:00:00,164313,,,
0001288403,2005-03-15 00:00:00,136397,,,
0001288403,2006-05-26 00:00:00,146533,,,
0001289169,2005-12-21 00:00:00,145548,,,
0001289236,2004-08-11 00:00:00,130313,,,
0001289236,2005-05-31 00:00:00,137568,,,
0001289236,2006-05-24 00:00:00,150708,,,
0001289236,2006-06-28 00:00:00,151238,,,
0001289236,2006-07-05 00:00:00,152750,,,
0001289236,2007-08-01 00:00:00,164738,,,
0001289236,2007-08-01 00:00:00,184631,,,
0001289460,2004-10-08 00:00:00,131963,,,
0001289460,2007-05-31 00:00:00,162317,,,
0001289505,2006-01-19 00:00:00,146711,,,
0001289505,2007-12-07 00:00:00,172173,,,
0001289729,2003-12-19 00:00:00,123248,,,
0001289785,2004-02-10 00:00:00,123719,,,
0001289785,2005-02-09 00:00:00,135147,,,
0001289790,2003-10-01 00:00:00,133042,,,
0001289790,2004-10-15 00:00:00,136222,,,
0001289790,2006-05-09 00:00:00,149977,,,
0001289790,2006-06-07 00:00:00,152209,,,
0001289790,2006-09-01 00:00:00,165674,,,
0001289790,2007-09-21 00:00:00,167137,,,
0001289790,2007-09-27 00:00:00,167922,,,
0001289848,2005-02-10 00:00:00,153677,,,
0001289848,2006-06-07 00:00:00,150371,,,
0001289848,2007-02-23 00:00:00,159118,,,
0001289945,1996-05-21 00:00:00,28115,,,
0001289945,1997-03-19 00:00:00,37227,,,
0001289945,1998-06-24 00:00:00,46470,,,
0001289945,1998-06-29 00:00:00,46033,,,
0001289945,2000-03-23 00:00:00,59921,,,
0001289945,2004-11-16 00:00:00,131959,,,
0001290109,2003-10-29 00:00:00,114661,,,
0001290864,2004-09-19 00:00:00,166761,,,
0001290900,2004-08-10 00:00:00,131048,,,
0001290900,2005-02-07 00:00:00,135351,,,
0001291983,2007-10-01 00:00:00,177807,,,
0001292026,2004-07-31 00:00:00,130850,,,
0001292055,2003-06-11 00:00:00,116753,,,
0001292055,2004-12-14 00:00:00,133736,,,
0001292055,2006-06-13 00:00:00,150829,,,
0001292215,2005-12-16 00:00:00,145324,,,
0001292426,2004-08-23 00:00:00,130578,,,
0001292426,2006-02-24 00:00:00,146998,,,
0001292470,2007-04-05 00:00:00,161612,,,
0001292470,2007-07-10 00:00:00,162498,,,
0001292731,1996-04-30 00:00:00,32124,,,
0001292731,2000-09-29 00:00:00,59052,,,
0001292731,2002-06-28 00:00:00,107916,,,
0001292731,2006-11-01 00:00:00,154983,,,
0001292900,2003-05-29 00:00:00,117148,,,
0001292900,2003-12-19 00:00:00,122660,,,
0001292900,2004-12-21 00:00:00,133500,,,
0001292900,2006-06-23 00:00:00,150561,,,
0001293139,2003-06-12 00:00:00,129170,,,
0001293200,2004-11-08 00:00:00,133079,,,
0001293200,2006-10-02 00:00:00,160661,,,
0001293243,2003-12-23 00:00:00,123179,,,
0001293243,2004-12-23 00:00:00,133954,,,
0001293593,2007-10-11 00:00:00,167996,,,
0001294632,2001-10-04 00:00:00,194647,,,
0001294632,2003-02-07 00:00:00,113793,,,
0001294632,2004-02-09 00:00:00,124326,,,
0001294632,2004-06-22 00:00:00,127728,,,
0001295172,2006-12-26 00:00:00,156588,,,
0001295172,2007-01-11 00:00:00,166612,,,
0001295172,2007-01-11 00:00:00,166759,,,
0001295557,2005-02-18 00:00:00,134990,,,
0001295557,2005-02-18 00:00:00,157896,,,
0001295557,2006-06-07 00:00:00,149707,,,
0001295557,2006-06-07 00:00:00,157897,,,
0001295557,2006-12-20 00:00:00,157895,,,
0001295810,1996-06-21 00:00:00,35326,,,
0001295810,1997-05-01 00:00:00,37871,,,
0001295810,1997-10-10 00:00:00,39489,,,
0001295810,2004-10-26 00:00:00,132424,,,
0001295810,2006-07-17 00:00:00,151928,,,
0001295825,2002-12-20 00:00:00,129515,,,
0001295947,2004-04-06 00:00:00,125147,,,
0001295947,2005-01-18 00:00:00,134551,,,
0001295976,2006-06-12 00:00:00,150902,,,
0001296435,2004-11-30 00:00:00,133345,,,
0001296435,2006-10-03 00:00:00,155410,,,
0001296435,2007-02-28 00:00:00,159044,,,
0001296435,2007-10-24 00:00:00,167475,,,
0001296484,2004-08-10 00:00:00,138381,,,
0001296484,2005-11-01 00:00:00,150308,,,
0001297067,2005-08-01 00:00:00,141114,,,
0001297067,2005-08-01 00:00:00,141698,,,
0001297067,2006-09-29 00:00:00,155149,,,
0001297067,2007-01-12 00:00:00,158145,,,
0001297067,2007-10-19 00:00:00,167083,,,
0001297401,2004-10-01 00:00:00,132469,,,
0001297704,2006-08-31 00:00:00,153769,,,
0001297704,2006-08-31 00:00:00,153896,,,
0001297720,2004-05-06 00:00:00,130589,,,
0001297720,2004-05-06 00:00:00,130591,,,
0001297720,2005-05-31 00:00:00,138044,,,
0001297720,2007-02-26 00:00:00,158312,,,
0001297996,2003-01-31 00:00:00,138439,,,
0001297996,2003-08-18 00:00:00,138440,,,
0001297996,2004-10-31 00:00:00,132269,,,
0001297996,2005-10-31 00:00:00,143968,,,
0001297996,2007-08-31 00:00:00,165559,,,
0001298341,2006-02-22 00:00:00,147251,,,
0001298663,2007-02-23 00:00:00,178323,,,
0001298675,2004-10-01 00:00:00,132430,,,
0001298675,2005-07-19 00:00:00,161518,,,
0001298675,2005-08-04 00:00:00,161517,,,
0001298675,2006-11-21 00:00:00,156463,,,
0001298946,2005-07-08 00:00:00,142047,,,
0001298946,2007-02-28 00:00:00,159066,,,
0001299109,2001-02-23 00:00:00,67019,,,
0001299109,2004-06-16 00:00:00,128306,,,
0001299210,2006-12-21 00:00:00,158201,,,
0001299704,2004-07-16 00:00:00,126578,,,
0001299716,2004-04-13 00:00:00,125251,,,
0001299716,2004-10-15 00:00:00,131139,,,
0001299716,2006-08-07 00:00:00,152378,,,
0001300446,2004-04-07 00:00:00,124997,,,
0001300514,2004-08-20 00:00:00,129102,,,
0001300514,2004-09-30 00:00:00,132459,,,
0001300514,2005-02-22 00:00:00,135134,,,
0001300514,2006-05-26 00:00:00,143526,,,
0001300514,2007-05-23 00:00:00,160695,,,
0001301063,2004-05-28 00:00:00,127352,,,
0001301063,2005-10-26 00:00:00,143098,,,
0001301106,2002-08-28 00:00:00,132050,,,
0001301106,2007-12-19 00:00:00,171904,,,
0001301236,2006-05-08 00:00:00,151378,,,
0001301236,2007-08-01 00:00:00,165747,,,
0001301611,1999-05-11 00:00:00,51825,,,
0001301611,2001-06-19 00:00:00,66312,,,
0001301611,2005-04-15 00:00:00,136480,,,
0001301611,2005-06-15 00:00:00,148875,,,
0001301787,2004-05-07 00:00:00,126245,,,
0001301787,2004-10-26 00:00:00,132446,,,
0001301787,2004-10-26 00:00:00,133383,,,
0001301787,2005-07-14 00:00:00,140676,,,
0001301787,2006-01-26 00:00:00,146455,,,
0001301787,2006-08-04 00:00:00,153206,,,
0001302028,2004-11-19 00:00:00,133614,,,
0001302343,2005-01-31 00:00:00,135184,,,
0001302350,2006-08-03 00:00:00,178426,,,
0001302676,1998-04-22 00:00:00,119471,,,
0001302676,2002-08-28 00:00:00,119357,,,
0001302707,2003-03-01 00:00:00,113395,,,
0001302707,2004-07-07 00:00:00,127754,,,
0001302707,2005-04-07 00:00:00,136736,,,
0001302707,2007-08-08 00:00:00,163872,,,
0001303313,2005-04-13 00:00:00,139202,,,
0001304069,2005-05-11 00:00:00,139527,,,
0001304069,2006-05-08 00:00:00,150047,,,
0001304069,2006-10-31 00:00:00,156418,,,
0001304069,2007-05-07 00:00:00,164870,,,
0001304280,2005-01-07 00:00:00,133121,,,
0001304280,2007-05-09 00:00:00,161658,,,
0001304280,2007-07-06 00:00:00,162495,,,
0001304421,2004-10-22 00:00:00,131853,,,
0001304421,2007-12-31 00:00:00,166953,,,
0001304464,2007-08-10 00:00:00,165087,,,
0001304623,2006-05-01 00:00:00,147819,,,
0001304901,2007-12-31 00:00:00,169687,,,
0001305168,2003-12-18 00:00:00,122327,,,
0001305168,2005-06-30 00:00:00,140865,,,
0001305168,2005-12-21 00:00:00,145183,,,
0001305168,2007-12-06 00:00:00,168324,,,
0001305409,2005-10-20 00:00:00,161753,,,
0001305507,2004-11-02 00:00:00,132478,,,
0001305755,2004-07-27 00:00:00,138441,,,
0001306527,2005-02-15 00:00:00,151741,,,
0001306527,2006-05-01 00:00:00,150714,,,
0001306527,2006-06-08 00:00:00,151761,,,
0001307954,2002-09-30 00:00:00,109482,,,
0001307954,2002-09-30 00:00:00,111165,,,
0001307954,2004-10-14 00:00:00,131439,,,
0001308106,2006-08-23 00:00:00,150128,,,
0001308161,1997-08-01 00:00:00,37612,,,
0001308161,1997-10-28 00:00:00,42379,,,
0001308208,2006-11-28 00:00:00,162431,,,
0001308208,2007-10-29 00:00:00,167685,,,
0001308858,2006-03-31 00:00:00,148060,,,
0001309108,2005-02-22 00:00:00,135664,,,
0001309108,2007-05-22 00:00:00,161977,,,
0001310067,1996-06-06 00:00:00,28787,,,
0001310067,1997-05-06 00:00:00,36394,,,
0001310067,1999-12-06 00:00:00,55448,,,
0001310067,2002-01-22 00:00:00,104726,,,
0001310067,2003-05-06 00:00:00,113882,,,
0001310067,2003-12-22 00:00:00,123442,,,
0001310067,2004-10-07 00:00:00,133821,,,
0001310067,2005-02-22 00:00:00,134590,,,
0001311370,2005-05-10 00:00:00,138000,,,
0001311396,2004-08-06 00:00:00,140303,,,
0001311396,2004-09-23 00:00:00,140297,,,
0001311803,2004-12-01 00:00:00,132416,,,
0001311803,2006-01-31 00:00:00,146065,,,
0001311926,2006-08-11 00:00:00,165602,,,
0001312073,2004-06-23 00:00:00,127755,,,
0001312073,2006-10-31 00:00:00,148889,,,
0001313024,2006-03-30 00:00:00,148860,,,
0001313024,2007-05-07 00:00:00,160678,,,
0001314104,2006-04-04 00:00:00,152126,,,
0001314655,2004-12-22 00:00:00,133149,,,
0001314822,2004-10-29 00:00:00,131561,,,
0001315320,2006-03-16 00:00:00,162417,,,
0001316625,2006-09-29 00:00:00,156395,,,
0001316656,2004-10-29 00:00:00,131418,,,
0001316656,2007-08-30 00:00:00,165417,,,
0001316835,2005-02-11 00:00:00,134758,,,
0001316835,2007-12-14 00:00:00,168730,,,
0001317405,2001-07-31 00:00:00,105170,,,
0001317436,2004-10-29 00:00:00,138398,,,
0001317436,2005-04-18 00:00:00,137614,,,
0001317436,2007-05-03 00:00:00,160697,,,
0001317577,2004-07-01 00:00:00,127860,,,
0001317577,2004-12-10 00:00:00,133009,,,
0001317577,2005-12-09 00:00:00,145029,,,
0001317630,2007-03-29 00:00:00,159722,,,
0001317630,2007-09-26 00:00:00,166775,,,
0001318008,2003-05-29 00:00:00,142423,,,
0001318008,2004-09-30 00:00:00,142419,,,
0001318008,2006-09-01 00:00:00,157861,,,
0001318035,2006-05-10 00:00:00,149651,,,
0001318060,1996-12-24 00:00:00,33908,,,
0001318060,1998-01-09 00:00:00,44075,,,
0001318060,2001-03-21 00:00:00,66084,,,
0001318060,2002-11-13 00:00:00,110769,,,
0001318220,1998-05-29 00:00:00,45359,,,
0001318220,1998-11-23 00:00:00,49424,,,
0001318220,1999-03-30 00:00:00,52264,,,
0001318220,2003-10-10 00:00:00,120147,,,
0001318220,2003-10-22 00:00:00,120848,,,
0001318220,2004-02-23 00:00:00,124634,,,
0001318220,2004-11-17 00:00:00,132926,,,
0001318220,2004-12-03 00:00:00,133283,,,
0001318220,2005-02-10 00:00:00,134955,,,
0001318220,2006-01-12 00:00:00,146100,,,
0001318220,2006-11-16 00:00:00,156053,,,
0001318220,2007-09-27 00:00:00,165916,,,
0001318545,1996-04-03 00:00:00,29898,,,
0001318568,2004-03-10 00:00:00,124641,,,
0001318568,2005-04-13 00:00:00,138006,,,
0001318568,2006-11-01 00:00:00,155632,,,
0001318885,2005-02-18 00:00:00,150126,,,
0001319048,2005-06-16 00:00:00,138660,,,
0001319161,2004-04-08 00:00:00,124940,,,
0001319161,2005-04-01 00:00:00,138171,,,
0001319229,2006-12-22 00:00:00,157149,,,
0001319439,2006-09-26 00:00:00,154350,,,
0001319869,2007-03-22 00:00:00,160071,,,
0001319947,2000-03-15 00:00:00,57929,,,
0001319947,2002-06-11 00:00:00,107988,,,
0001319947,2002-06-11 00:00:00,121052,,,
0001319947,2005-06-28 00:00:00,140833,,,
0001320695,2005-06-27 00:00:00,139324,,,
0001320695,2006-08-31 00:00:00,152991,,,
0001320854,2003-09-11 00:00:00,135728,,,
0001320854,2007-08-24 00:00:00,165611,,,
0001320934,2004-11-05 00:00:00,131848,,,
0001320934,2006-06-23 00:00:00,150953,,,
0001320947,2004-12-02 00:00:00,141953,,,
0001321544,2007-06-29 00:00:00,162386,,,
0001321544,2007-06-29 00:00:00,164272,,,
0001321746,2004-08-05 00:00:00,129189,,,
0001322439,2006-11-01 00:00:00,157003,,,
0001322439,2007-10-19 00:00:00,164261,,,
0001322646,2003-06-23 00:00:00,116332,,,
0001322646,2005-11-13 00:00:00,145695,,,
0001322705,2003-07-11 00:00:00,140269,,,
0001322705,2005-09-19 00:00:00,143616,,,
0001322705,2006-11-01 00:00:00,154359,,,
0001323115,2002-12-30 00:00:00,116736,,,
0001323280,2005-03-24 00:00:00,136220,,,
0001323468,2005-10-04 00:00:00,143637,,,
0001323468,2006-08-02 00:00:00,155213,,,
0001323531,2004-06-07 00:00:00,125693,,,
0001323531,2005-06-29 00:00:00,139952,,,
0001323531,2007-06-15 00:00:00,167172,,,
0001323630,2004-06-17 00:00:00,127576,,,
0001323630,2005-02-04 00:00:00,134952,,,
0001323630,2006-09-22 00:00:00,154103,,,
0001323653,2004-09-28 00:00:00,131039,,,
0001323653,2007-04-02 00:00:00,161024,,,
0001323715,2004-06-03 00:00:00,140774,,,
0001323715,2005-10-18 00:00:00,174526,,,
0001323715,2006-08-16 00:00:00,192961,,,
0001323854,2006-04-25 00:00:00,149750,,,
0001323891,2000-03-06 00:00:00,57837,,,
0001323891,2004-03-19 00:00:00,125517,,,
0001323891,2005-03-31 00:00:00,136312,,,
0001324189,2005-06-24 00:00:00,140300,,,
0001324272,2005-03-11 00:00:00,135171,,,
0001324272,2005-09-27 00:00:00,142873,,,
0001324272,2007-08-07 00:00:00,165809,,,
0001324404,2005-08-16 00:00:00,141579,,,
0001324404,2007-07-31 00:00:00,165412,,,
0001324424,2005-07-09 00:00:00,139445,,,
0001324479,2003-01-31 00:00:00,114099,,,
0001324479,2005-02-11 00:00:00,134961,,,
0001324479,2007-04-27 00:00:00,161255,,,
0001324570,2006-07-20 00:00:00,152508,,,
0001324592,2005-08-29 00:00:00,142079,,,
0001324592,2006-01-11 00:00:00,146196,,,
0001324754,1996-08-09 00:00:00,41726,,,
0001325098,2005-04-29 00:00:00,139612,,,
0001325118,2007-10-12 00:00:00,167571,,,
0001325228,2005-12-08 00:00:00,143924,,,
0001325281,2007-01-02 00:00:00,158464,,,
0001325460,2007-06-04 00:00:00,162817,,,
0001325955,2004-01-24 00:00:00,138409,,,
0001325955,2006-02-15 00:00:00,151812,,,
0001325955,2006-06-22 00:00:00,149919,,,
0001325955,2007-02-28 00:00:00,159311,,,
0001326003,2006-12-06 00:00:00,156830,,,
0001326087,1998-12-21 00:00:00,49653,,,
0001326160,1997-08-25 00:00:00,38936,,,
0001326160,1997-08-25 00:00:00,38943,,,
0001326160,2000-03-31 00:00:00,57966,,,
0001326160,2001-03-30 00:00:00,64933,,,
0001326160,2004-06-30 00:00:00,128337,,,
0001326160,2005-06-30 00:00:00,139626,,,
0001326160,2006-06-29 00:00:00,151481,,,
0001326160,2007-06-28 00:00:00,163039,,,
0001326200,2007-07-20 00:00:00,169392,,,
0001326380,2002-02-19 00:00:00,105021,,,
0001326380,2004-06-21 00:00:00,132018,,,
0001326380,2005-10-11 00:00:00,140504,,,
0001326380,2007-04-25 00:00:00,161091,,,
0001326428,2005-04-11 00:00:00,138380,,,
0001326428,2005-10-27 00:00:00,145158,,,
0001326428,2006-04-07 00:00:00,149294,,,
0001326428,2006-08-01 00:00:00,152729,,,
0001326428,2006-08-01 00:00:00,152730,,,
0001326428,2007-08-31 00:00:00,165523,,,
0001326583,2006-11-16 00:00:00,155208,,,
0001326583,2006-11-16 00:00:00,182016,,,
0001326973,1997-05-29 00:00:00,39592,,,
0001326973,1998-05-01 00:00:00,46886,,,
0001327471,2007-07-26 00:00:00,188499,,,
0001328650,2003-12-26 00:00:00,139208,,,
0001328650,2005-09-19 00:00:00,143641,,,
0001328650,2006-01-13 00:00:00,146161,,,
0001328792,2006-02-24 00:00:00,178621,,,
0001328919,2006-05-17 00:00:00,150629,,,
0001329069,2007-01-30 00:00:00,158001,,,
0001329069,2007-12-21 00:00:00,166133,,,
0001329069,2007-12-21 00:00:00,169537,,,
0001329653,2004-11-30 00:00:00,139488,,,
0001330487,2007-10-02 00:00:00,165897,,,
0001330487,2007-10-02 00:00:00,165902,,,
0001330849,2005-06-29 00:00:00,138875,,,
0001330849,2006-06-12 00:00:00,153003,,,
0001330849,2007-07-11 00:00:00,162338,,,
0001331301,2007-05-21 00:00:00,161981,,,
0001331301,2007-05-21 00:00:00,162517,,,
0001331745,2004-11-03 00:00:00,140848,,,
0001331745,2006-07-31 00:00:00,152840,,,
0001331875,2005-10-17 00:00:00,143620,,,
0001331875,2006-09-12 00:00:00,155910,,,
0001331875,2007-01-18 00:00:00,155946,,,
0001331875,2007-09-12 00:00:00,205351,,,
0001332349,2006-02-10 00:00:00,146655,,,
0001332349,2006-11-15 00:00:00,156560,,,
0001332602,2004-06-28 00:00:00,127390,,,
0001332639,2007-05-11 00:00:00,161849,,,
0001332639,2007-08-08 00:00:00,164916,,,
0001332896,2005-11-01 00:00:00,143985,,,
0001333141,2003-02-21 00:00:00,113795,,,
0001333141,2004-12-10 00:00:00,132586,,,
0001333141,2006-03-31 00:00:00,137898,,,
0001333170,2007-11-21 00:00:00,168450,,,
0001333172,2006-11-30 00:00:00,162019,,,
0001333172,2007-10-26 00:00:00,167540,,,
0001333274,2005-02-11 00:00:00,142412,,,
0001333274,2005-02-11 00:00:00,142477,,,
0001333274,2006-02-06 00:00:00,149062,,,
0001333274,2006-05-19 00:00:00,150383,,,
0001333291,2005-12-30 00:00:00,145397,,,
0001333291,2005-12-30 00:00:00,146298,,,
0001333513,2005-04-15 00:00:00,137700,,,
0001334036,2007-05-08 00:00:00,173282,,,
0001334388,2006-08-25 00:00:00,154867,,,
0001334478,2006-03-14 00:00:00,148177,,,
0001335258,2006-12-11 00:00:00,155949,,,
0001335258,2007-06-29 00:00:00,163047,,,
0001335686,2006-03-03 00:00:00,149107,,,
0001335686,2006-05-01 00:00:00,150168,,,
0001335793,2005-10-07 00:00:00,143457,,,
0001335878,2005-09-30 00:00:00,143807,,,
0001336545,2007-07-02 00:00:00,180454,,,
0001336917,2005-09-28 00:00:00,143497,,,
0001337885,2000-04-28 00:00:00,58841,,,
0001337885,2001-09-24 00:00:00,101776,,,
0001337885,2003-04-28 00:00:00,116464,,,
0001337885,2004-10-14 00:00:00,138884,,,
0001337885,2006-05-17 00:00:00,178318,,,
0001338065,2005-12-07 00:00:00,145315,,,
0001338065,2007-05-09 00:00:00,161774,,,
0001338065,2007-06-21 00:00:00,163038,,,
0001338613,2004-11-30 00:00:00,132322,,,
0001338613,2005-07-26 00:00:00,139696,,,
0001338613,2005-11-30 00:00:00,144079,,,
0001338613,2006-02-03 00:00:00,147585,,,
0001338613,2006-08-15 00:00:00,151868,,,
0001338749,2001-06-29 00:00:00,65904,,,
0001338749,2004-06-29 00:00:00,128641,,,
0001339048,2003-08-29 00:00:00,119067,,,
0001339048,2005-07-29 00:00:00,140013,,,
0001339048,2006-01-24 00:00:00,146292,,,
0001339048,2007-05-31 00:00:00,152970,,,
0001339553,2006-04-21 00:00:00,149514,,,
0001339553,2007-10-01 00:00:00,166985,,,
0001339605,2002-06-17 00:00:00,107619,,,
0001339605,2004-02-10 00:00:00,124338,,,
0001339605,2006-08-04 00:00:00,152728,,,
0001339605,2007-09-01 00:00:00,165976,,,
0001339947,2005-05-12 00:00:00,138189,,,
0001339947,2005-12-08 00:00:00,145034,,,
0001339947,2005-12-08 00:00:00,145035,,,
0001340041,2005-09-12 00:00:00,140813,,,
0001340041,2006-03-29 00:00:00,148241,,,
0001340122,2005-12-09 00:00:00,143804,,,
0001340282,2005-07-07 00:00:00,141597,,,
0001340786,1996-06-25 00:00:00,41106,,,
0001340786,1997-10-07 00:00:00,43553,,,
0001340786,1998-09-11 00:00:00,49912,,,
0001340786,1999-09-13 00:00:00,56850,,,
0001340786,2003-07-01 00:00:00,119028,,,
0001341170,2006-06-30 00:00:00,165378,,,
0001341170,2006-08-30 00:00:00,165377,,,
0001341170,2006-11-14 00:00:00,163007,,,
0001341439,2003-12-24 00:00:00,122888,,,
0001341439,2004-12-28 00:00:00,133708,,,
0001341439,2005-03-18 00:00:00,136332,,,
0001341439,2006-01-05 00:00:00,145450,,,
0001341439,2006-03-15 00:00:00,147647,,,
0001342126,2005-11-24 00:00:00,161708,,,
0001342126,2006-02-17 00:00:00,146218,,,
0001342126,2006-08-08 00:00:00,152643,,,
0001342126,2006-10-06 00:00:00,155376,,,
0001342287,2007-08-23 00:00:00,165621,,,
0001344376,2007-11-06 00:00:00,167730,,,
0001344596,2005-03-10 00:00:00,147172,,,
0001344596,2006-01-01 00:00:00,147179,,,
0001344596,2007-12-28 00:00:00,194269,,,
0001345111,2006-02-28 00:00:00,147263,,,
0001345111,2006-02-28 00:00:00,147265,,,
0001345840,2005-04-22 00:00:00,183763,,,
0001345840,2005-06-24 00:00:00,137709,,,
0001345840,2006-04-13 00:00:00,149522,,,
0001345968,2005-03-28 00:00:00,136764,,,
0001345968,2005-06-21 00:00:00,139481,,,
0001345968,2005-06-21 00:00:00,142967,,,
0001345968,2007-04-04 00:00:00,160861,,,
0001346980,2006-10-31 00:00:00,155607,,,
0001347652,2007-04-23 00:00:00,161388,,,
0001348952,2003-10-30 00:00:00,121953,,,
0001348952,2007-08-02 00:00:00,164650,,,
0001349237,2006-05-31 00:00:00,150754,,,
0001349436,2006-11-21 00:00:00,156728,,,
0001349436,2006-11-21 00:00:00,157466,,,
0001349436,2007-03-22 00:00:00,159572,,,
0001350031,2006-05-10 00:00:00,149710,,,
0001350593,2007-05-24 00:00:00,161199,,,
0001351548,2002-05-23 00:00:00,115862,,,
0001352302,2006-01-06 00:00:00,146877,,,
0001352308,2007-03-01 00:00:00,156151,,,
0001354327,2006-02-14 00:00:00,147246,,,
0001354327,2006-02-14 00:00:00,147310,,,
0001355795,2007-03-23 00:00:00,160660,,,
0001355804,2004-11-05 00:00:00,132676,,,
0001356949,2006-11-03 00:00:00,156138,,,
0001357227,2005-12-09 00:00:00,143920,,,
0001357227,2006-12-09 00:00:00,157883,,,
0001357227,2007-12-19 00:00:00,169105,,,
0001357371,2006-10-10 00:00:00,155408,,,
0001357371,2007-11-01 00:00:00,166687,,,
0001357525,2007-08-17 00:00:00,176771,,,
0001358071,2006-02-24 00:00:00,147001,,,
0001358071,2007-03-27 00:00:00,159105,,,
0001358831,2006-03-15 00:00:00,148195,,,
0001359841,2006-09-05 00:00:00,156022,,,
0001359841,2006-09-15 00:00:00,152158,,,
0001359841,2007-02-22 00:00:00,158589,,,
0001360474,2007-04-18 00:00:00,160610,,,
0001360555,2006-02-16 00:00:00,146210,,,
0001360951,2000-03-31 00:00:00,58166,,,
0001360951,2001-03-22 00:00:00,64614,,,
0001360951,2003-02-07 00:00:00,114448,,,
0001360951,2005-02-22 00:00:00,135575,,,
0001361538,2007-03-22 00:00:00,178315,,,
0001361658,2006-07-07 00:00:00,151959,,,
0001361709,2005-12-21 00:00:00,145532,,,
0001361709,2007-11-13 00:00:00,167687,,,
0001361937,2006-09-29 00:00:00,154564,,,
0001361937,2007-10-01 00:00:00,165876,,,
0001362004,2005-10-05 00:00:00,152215,,,
0001362120,2004-10-22 00:00:00,165368,,,
0001362120,2007-02-12 00:00:00,162677,,,
0001362988,2005-10-24 00:00:00,151192,,,
0001362988,2005-10-25 00:00:00,152105,,,
0001362988,2006-02-28 00:00:00,147273,,,
0001363381,2006-08-01 00:00:00,153635,,,
0001363890,2007-06-04 00:00:00,162644,,,
0001364099,2004-08-13 00:00:00,129203,,,
0001364100,2006-11-20 00:00:00,156735,,,
0001364250,2006-10-01 00:00:00,154947,,,
0001364541,2006-08-31 00:00:00,153537,,,
0001364541,2007-12-13 00:00:00,168513,,,
0001364742,2006-12-19 00:00:00,157113,,,
0001365135,2007-09-28 00:00:00,166159,,,
0001366246,2007-02-14 00:00:00,177145,,,
0001367396,2006-11-17 00:00:00,155154,,,
0001367644,2006-08-25 00:00:00,165379,,,
0001368457,1997-09-11 00:00:00,39664,,,
0001368457,2002-09-10 00:00:00,110702,,,
0001368457,2004-08-31 00:00:00,130570,,,
0001368458,2006-11-16 00:00:00,155075,,,
0001368519,2005-05-19 00:00:00,139160,,,
0001368519,2007-06-07 00:00:00,162598,,,
0001368622,2007-08-31 00:00:00,166863,,,
0001368900,2006-06-06 00:00:00,149515,,,
0001368900,2006-06-06 00:00:00,152731,,,
0001368900,2007-02-27 00:00:00,158338,,,
0001368900,2007-04-11 00:00:00,161059,,,
0001369817,2005-12-16 00:00:00,155279,,,
0001369817,2006-10-20 00:00:00,155322,,,
0001370450,2007-12-28 00:00:00,174552,,,
0001370946,1997-06-26 00:00:00,37089,,,
0001370946,2000-12-08 00:00:00,62134,,,
0001370946,2006-10-31 00:00:00,155635,,,
0001371489,2007-11-16 00:00:00,165774,,,
0001372020,2003-12-22 00:00:00,121939,,,
0001372020,2006-09-29 00:00:00,164393,,,
0001372020,2007-06-12 00:00:00,162859,,,
0001372041,2007-02-28 00:00:00,152587,,,
0001372041,2007-07-27 00:00:00,166335,,,
0001372813,2006-09-25 00:00:00,161971,,,
0001372813,2007-10-12 00:00:00,167739,,,
0001373439,2000-02-11 00:00:00,56337,,,
0001375365,2005-11-01 00:00:00,163815,,,
0001376812,2007-10-31 00:00:00,167926,,,
0001377013,2006-02-15 00:00:00,146071,,,
0001377630,2007-02-12 00:00:00,158206,,,
0001378453,2000-11-14 00:00:00,61072,,,
0001378453,2004-12-01 00:00:00,131964,,,
0001378453,2007-11-19 00:00:00,168154,,,
0001378789,2006-04-26 00:00:00,156290,,,
0001378789,2006-04-26 00:00:00,156308,,,
0001378789,2006-11-03 00:00:00,162999,,,
0001378789,2006-12-13 00:00:00,157078,,,
0001379378,2007-01-05 00:00:00,158087,,,
0001379661,2005-10-31 00:00:00,143078,,,
0001379661,2007-02-14 00:00:00,158754,,,
0001379895,1997-06-27 00:00:00,36279,,,
0001379895,2003-04-01 00:00:00,115845,,,
0001379895,2004-05-28 00:00:00,127065,,,
0001379895,2006-03-06 00:00:00,147184,,,
0001380393,2006-06-23 00:00:00,151243,,,
0001380393,2007-05-10 00:00:00,161593,,,
0001380509,2007-02-05 00:00:00,158793,,,
0001381197,2006-05-19 00:00:00,150155,,,
0001381325,2006-12-01 00:00:00,161974,,,
0001381455,2006-07-06 00:00:00,153242,,,
0001381531,2007-03-07 00:00:00,158836,,,
0001381640,2007-09-05 00:00:00,153709,,,
0001382298,2006-10-02 00:00:00,154852,,,
0001382911,2006-12-15 00:00:00,161948,,,
0001383875,1996-02-16 00:00:00,29082,,,
0001385292,2007-07-30 00:00:00,164720,,,
0001386926,2006-09-15 00:00:00,152771,,,
0001388195,2007-07-31 00:00:00,164684,,,
0001388430,2007-09-25 00:00:00,167385,,,
0001389050,1997-12-15 00:00:00,42620,,,
0001389050,2000-03-13 00:00:00,57869,,,
0001389050,2001-12-03 00:00:00,102711,,,
0001389050,2003-12-03 00:00:00,119058,,,
0001389050,2005-11-21 00:00:00,144534,,,
0001389050,2007-08-20 00:00:00,163842,,,
0001390844,2007-05-31 00:00:00,163024,,,
0001392091,2007-07-20 00:00:00,164407,,,
0001392326,2007-03-01 00:00:00,160643,,,
0001392600,2007-04-30 00:00:00,161337,,,
0001393066,1998-06-24 00:00:00,44213,,,
0001393066,2001-07-02 00:00:00,67130,,,
0001393066,2001-10-26 00:00:00,105355,,,
0001393066,2002-05-22 00:00:00,107850,,,
0001393066,2004-04-15 00:00:00,125353,,,
0001393066,2006-05-31 00:00:00,150353,,,
0001393311,1996-03-26 00:00:00,46067,,,
0001393311,1997-02-25 00:00:00,35259,,,
0001393311,1998-09-01 00:00:00,49203,,,
0001393311,1998-10-23 00:00:00,49150,,,
0001393311,2001-11-01 00:00:00,102616,,,
0001393311,2004-03-25 00:00:00,124781,,,
0001393612,2007-06-06 00:00:00,162545,,,
0001393744,2006-06-07 00:00:00,149622,,,
0001393744,2007-06-26 00:00:00,163329,,,
0001393818,2006-06-30 00:00:00,151896,,,
0001394069,1999-06-07 00:00:00,52531,,,
0001394069,2004-05-19 00:00:00,127495,,,
0001394069,2005-05-18 00:00:00,138545,,,
0001394069,2007-02-06 00:00:00,157901,,,
0001394074,2007-05-24 00:00:00,164361,,,
0001394159,2007-07-25 00:00:00,163665,,,
0001395942,2007-04-20 00:00:00,158956,,,
0001395942,2007-04-20 00:00:00,159777,,,
0001396033,2007-08-10 00:00:00,167268,,,
0001396279,2005-02-03 00:00:00,140697,,,
0001396279,2007-07-25 00:00:00,164524,,,
0001396279,2007-07-25 00:00:00,168088,,,
0001396426,2007-03-26 00:00:00,159100,,,
0001396440,2007-12-31 00:00:00,169429,,,
0001396546,2005-07-14 00:00:00,138747,,,
0001396838,2007-08-08 00:00:00,178623,,,
0001397087,2005-10-03 00:00:00,142222,,,
0001397516,2007-09-28 00:00:00,166349,,,
0001397772,1996-09-06 00:00:00,32743,,,
0001397772,1998-03-23 00:00:00,46724,,,
0001397772,1998-11-30 00:00:00,49799,,,
0001397772,1999-05-20 00:00:00,52554,,,
0001397772,1999-12-31 00:00:00,58678,,,
0001397772,2003-08-13 00:00:00,120100,,,
0001397772,2005-06-21 00:00:00,139586,,,
0001397807,2003-09-04 00:00:00,127125,,,
0001397821,2005-09-30 00:00:00,144226,,,
0001397867,1997-07-24 00:00:00,40066,,,
0001397867,2001-06-18 00:00:00,66384,,,
0001397867,2002-11-20 00:00:00,116198,,,
0001398161,2007-09-24 00:00:00,177255,,,
0001398664,2007-03-07 00:00:00,160197,,,
0001398987,2006-05-25 00:00:00,150219,,,
0001398987,2006-05-25 00:00:00,150502,,,
0001398987,2007-04-10 00:00:00,158051,,,
0001399249,2007-07-23 00:00:00,176604,,,
0001400891,1996-08-01 00:00:00,30949,,,
0001400891,1997-04-10 00:00:00,35163,,,
0001400891,2000-06-15 00:00:00,59786,,,
0001400891,2000-08-30 00:00:00,58419,,,
0001400891,2004-07-13 00:00:00,127862,,,
0001402057,1996-06-30 00:00:00,44340,,,
0001402057,2007-10-12 00:00:00,167080,,,
0001402159,1999-08-05 00:00:00,53346,,,
0001402159,2000-06-30 00:00:00,63273,,,
0001402388,2005-06-16 00:00:00,139412,,,
0001402436,2005-04-13 00:00:00,136484,,,
0001402436,2005-11-23 00:00:00,141568,,,
0001402436,2007-03-06 00:00:00,159327,,,
0001403161,2007-11-15 00:00:00,168255,,,
0001403385,2007-08-16 00:00:00,165392,,,
0001403568,2007-06-29 00:00:00,164810,,,
0001404624,2005-10-17 00:00:00,142506,,,
0001404624,2006-12-22 00:00:00,157077,,,
0001404675,2006-06-21 00:00:00,169707,,,
0001404675,2006-06-21 00:00:00,169708,,,
0001405197,2006-12-06 00:00:00,155454,,,
0001405197,2006-12-06 00:00:00,167625,,,
0001405197,2006-12-06 00:00:00,167627,,,
0001406407,1996-11-27 00:00:00,34438,,,
0001406407,1996-11-27 00:00:00,34439,,,
0001406587,2007-12-14 00:00:00,168566,,,
0001407313,2000-07-25 00:00:00,64048,,,
0001407313,2003-02-24 00:00:00,122608,,,
0001407463,2007-10-29 00:00:00,169461,,,
0001408075,1996-03-17 00:00:00,26466,,,
0001408075,1996-03-31 00:00:00,28914,,,
0001408075,2001-08-10 00:00:00,66152,,,
0001408075,2003-08-08 00:00:00,115605,,,
0001408075,2007-05-16 00:00:00,160673,,,
0001408075,2007-05-16 00:00:00,160674,,,
0001408100,1998-06-03 00:00:00,47941,,,
0001408100,1998-09-10 00:00:00,51048,,,
0001408100,2002-06-13 00:00:00,111220,,,
0001408100,2002-09-25 00:00:00,116721,,,
0001408198,2007-11-01 00:00:00,166613,,,
0001408287,2007-10-19 00:00:00,167067,,,
0001408808,2007-12-28 00:00:00,174551,,,
0001409134,2007-11-15 00:00:00,167925,,,
0001410637,2007-04-13 00:00:00,159742,,,
0001410637,2007-04-13 00:00:00,170408,,,
0001410838,2007-11-21 00:00:00,168241,,,
0001412192,2006-02-23 00:00:00,146163,,,
0001412192,2006-02-23 00:00:00,183909,,,
0001412354,2004-07-30 00:00:00,127966,,,
0001413159,2007-01-31 00:00:00,158432,,,
0001413329,2007-12-04 00:00:00,168507,,,
0001415020,2006-09-01 00:00:00,153210,,,
0001416436,2001-01-19 00:00:00,64126,,,
0001416436,2003-01-23 00:00:00,114087,,,
0001416436,2005-07-26 00:00:00,140775,,,
0001418167,2004-06-23 00:00:00,127435,,,
0001419581,1997-06-16 00:00:00,37816,,,
0001419581,1997-12-18 00:00:00,41384,,,
0001419581,1997-12-18 00:00:00,42484,,,
0001419581,1998-09-30 00:00:00,48012,,,
0001419581,1998-09-30 00:00:00,48448,,,
0001419581,1999-02-24 00:00:00,50499,,,
0001419581,2001-10-01 00:00:00,101292,,,
0001419581,2003-08-07 00:00:00,119047,,,
0001419581,2004-12-09 00:00:00,132083,,,
0001419581,2007-12-27 00:00:00,168893,,,
0001421182,2006-08-01 00:00:00,151736,,,
0001421182,2007-01-31 00:00:00,158716,,,
0001421419,2006-04-28 00:00:00,148863,,,
0001422105,2007-05-18 00:00:00,161049,,,
0001422862,1997-02-03 00:00:00,38627,,,
0001422862,1998-01-12 00:00:00,43835,,,
0001422862,1998-12-12 00:00:00,50657,,,
0001422862,2001-08-31 00:00:00,101350,,,
0001422862,2003-10-30 00:00:00,124840,,,
0001423221,2007-04-12 00:00:00,160561,,,
0001427553,1997-08-14 00:00:00,43552,,,
0001427553,1999-12-17 00:00:00,56557,,,
0001427553,2001-12-21 00:00:00,112132,,,
0001427553,2006-04-26 00:00:00,149853,,,
0001434598,1998-03-27 00:00:00,46882,,,
0001434598,2000-03-30 00:00:00,64576,,,
0001437107,2004-06-15 00:00:00,127066,,,
0001437107,2007-05-09 00:00:00,176729,,,
0001437107,2007-05-14 00:00:00,160755,,,
0001437578,1997-06-13 00:00:00,38753,,,
0001437578,2000-03-30 00:00:00,58849,,,
0001437578,2005-07-22 00:00:00,140800,,,
0001438731,1997-12-30 00:00:00,48338,,,
0001443062,1997-05-29 00:00:00,45973,,,
0001443799,2001-06-27 00:00:00,100551,,,
0001443799,2001-06-29 00:00:00,66187,,,
0001443799,2003-06-11 00:00:00,118016,,,
0001443799,2004-07-01 00:00:00,127516,,,
0001443799,2006-01-17 00:00:00,143799,,,
0001444331,2006-01-31 00:00:00,149092,,,
0001444679,2007-05-11 00:00:00,160884,,,
0001444679,2007-05-11 00:00:00,176599,,,
0001444914,1997-06-06 00:00:00,40647,,,
0001445049,1996-04-26 00:00:00,29404,,,
0001445049,1997-04-24 00:00:00,36855,,,
0001445049,1998-03-02 00:00:00,44254,,,
0001445049,1999-02-26 00:00:00,51342,,,
0001445049,2000-02-25 00:00:00,57367,,,
0001445049,2001-02-23 00:00:00,64813,,,
0001446251,2000-01-27 00:00:00,55497,,,
0001449732,1997-02-20 00:00:00,35083,,,
0001449732,2002-06-14 00:00:00,110782,,,
0001449732,2004-03-12 00:00:00,125180,,,
0001449732,2007-11-20 00:00:00,168581,,,
0001450598,1996-03-29 00:00:00,30276,,,
0001450598,1996-10-10 00:00:00,32858,,,
0001450598,1999-05-15 00:00:00,55096,,,
0001451505,1996-07-30 00:00:00,30811,,,
0001451505,1999-12-16 00:00:00,55302,,,
0001451505,1999-12-21 00:00:00,58268,,,
0001451505,2000-12-29 00:00:00,62033,,,
0001451505,2001-03-05 00:00:00,64770,,,
0001451505,2001-12-27 00:00:00,103311,,,
0001451505,2002-12-26 00:00:00,113557,,,
0001451505,2003-12-16 00:00:00,121909,,,
0001451505,2005-07-08 00:00:00,140245,,,
0001451505,2006-05-12 00:00:00,149727,,,
0001451505,2007-09-28 00:00:00,164081,,,
0001451505,2007-11-15 00:00:00,168149,,,
0001452217,2006-06-27 00:00:00,149105,,,
0001452217,2006-06-27 00:00:00,180393,,,
0001458660,2004-03-30 00:00:00,126158,,,
0001458891,1997-08-14 00:00:00,39804,,,
0001458891,2001-05-30 00:00:00,66596,,,
0001458891,2004-11-24 00:00:00,133002,,,
0001458891,2005-12-22 00:00:00,146129,,,
0001458891,2007-03-15 00:00:00,159636,,,
0001458891,2007-08-13 00:00:00,164083,,,
0001465112,1999-04-19 00:00:00,52592,,,
0001465112,1999-11-24 00:00:00,56475,,,
0001465112,1999-11-24 00:00:00,57863,,,
0001465112,1999-11-24 00:00:00,110637,,,
0001465112,2001-10-01 00:00:00,105757,,,
0001465112,2004-03-09 00:00:00,124876,,,
0001465112,2004-09-27 00:00:00,131070,,,
0001465112,2005-04-13 00:00:00,136111,,,
0001466258,2004-06-25 00:00:00,128841,,,
0001466258,2005-08-12 00:00:00,141387,,,
0001466258,2006-10-23 00:00:00,164506,,,
0001466593,2002-04-30 00:00:00,107353,,,
0001466593,2003-04-29 00:00:00,121185,,,
0001466593,2004-04-28 00:00:00,127338,,,
0001466593,2004-08-13 00:00:00,131077,,,
0001466593,2005-04-27 00:00:00,138083,,,
0001466593,2006-04-26 00:00:00,149616,,,
0001466593,2006-09-01 00:00:00,156252,,,
0001466593,2007-10-02 00:00:00,166340,,,
0001467858,2003-03-06 00:00:00,114174,,,
0001467858,2003-07-30 00:00:00,120340,,,
0001469433,2007-12-05 00:00:00,168339,,,
0001470215,1996-01-05 00:00:00,29693,,,
0001470215,1998-06-30 00:00:00,45622,,,
0001470215,2002-06-25 00:00:00,108723,,,
0001470215,2004-06-30 00:00:00,128837,,,
0001470215,2005-07-11 00:00:00,139215,,,
0001473061,2002-11-07 00:00:00,113322,,,
0001473061,2002-11-07 00:00:00,113323,,,
0001473061,2004-07-22 00:00:00,129050,,,
0001473061,2005-11-14 00:00:00,144314,,,
0001473061,2006-06-09 00:00:00,153637,,,
0001473061,2006-06-09 00:00:00,153638,,,
0001473061,2007-11-15 00:00:00,167928,,,
0001473061,2007-11-15 00:00:00,168287,,,
0001477381,1998-03-04 00:00:00,59398,,,
0001478085,2003-02-14 00:00:00,113831,,,
0001478085,2004-10-07 00:00:00,130807,,,
0001478085,2005-12-09 00:00:00,145014,,,
0001478085,2007-03-30 00:00:00,159659,,,
0001479920,2005-06-14 00:00:00,140304,,,
0001479920,2006-07-31 00:00:00,152363,,,
0001481582,2005-01-04 00:00:00,132590,,,
0001481582,2005-12-22 00:00:00,145066,,,
0001481582,2007-10-19 00:00:00,167101,,,
0001483096,2007-12-11 00:00:00,168660,,,
0001483393,2005-07-26 00:00:00,139251,,,
0001487730,1996-09-12 00:00:00,31226,,,
0001487730,1997-12-30 00:00:00,42551,,,
0001487730,1999-08-09 00:00:00,50515,,,
0001487730,2002-10-01 00:00:00,109472,,,
0001487730,2004-02-27 00:00:00,124796,,,
0001487730,2005-02-07 00:00:00,134627,,,
0001487730,2007-03-30 00:00:00,159355,,,
0001487730,2007-09-28 00:00:00,166354,,,
0001487999,2007-07-19 00:00:00,166596,,,
0001487999,2007-07-26 00:00:00,164194,,,
0001489979,2007-02-27 00:00:00,159035,,,
0001490165,2007-09-27 00:00:00,188223,,,
0001490906,2001-08-14 00:00:00,101602,,,
0001492633,2001-02-14 00:00:00,63762,,,
0001492633,2006-08-09 00:00:00,146257,,,
0001492658,2001-08-01 00:00:00,67363,,,
0001492658,2006-06-30 00:00:00,151235,,,
0001492691,1996-12-12 00:00:00,36403,,,
0001492691,1998-07-14 00:00:00,51651,,,
0001492691,1999-11-24 00:00:00,60963,,,
0001492691,2001-04-06 00:00:00,101180,,,
0001494037,2007-04-12 00:00:00,159406,,,
0001494037,2007-04-12 00:00:00,159443,,,
0001496048,2000-07-31 00:00:00,62547,,,
0001496048,2000-07-31 00:00:00,65159,,,
0001496048,2001-01-30 00:00:00,64334,,,
0001496048,2002-07-10 00:00:00,109027,,,
0001496048,2003-04-16 00:00:00,121098,,,
0001496048,2004-11-12 00:00:00,130975,,,
0001496048,2006-02-24 00:00:00,146227,,,
0001497350,1999-12-01 00:00:00,56316,,,
0001497350,2002-03-29 00:00:00,106362,,,
0001497350,2005-10-06 00:00:00,141875,,,
0001497350,2007-07-06 00:00:00,164688,,,
0001498301,2005-01-03 00:00:00,133646,,,
0001498720,1996-03-22 00:00:00,30783,,,
0001499268,2002-09-06 00:00:00,112983,,,
0001499268,2004-10-08 00:00:00,131555,,,
0001499268,2007-01-03 00:00:00,155991,,,
0001499832,2000-01-27 00:00:00,57340,,,
0001499832,2003-06-30 00:00:00,117356,,,
0001499832,2004-12-15 00:00:00,133734,,,
0001499832,2006-11-21 00:00:00,153271,,,
0001501919,2004-07-23 00:00:00,162477,,,
0001501919,2007-05-14 00:00:00,160693,,,
0001502650,2002-08-19 00:00:00,108533,,,
0001503518,2004-03-31 00:00:00,125574,,,
0001503518,2004-10-11 00:00:00,131910,,,
0001503518,2005-03-18 00:00:00,136336,,,
0001503518,2005-12-16 00:00:00,144939,,,
0001506307,1997-02-14 00:00:00,38263,,,
0001506307,1998-01-30 00:00:00,42850,,,
0001506307,1998-06-18 00:00:00,51173,,,
0001506307,1999-01-08 00:00:00,51163,,,
0001506307,1999-11-18 00:00:00,55978,,,
0001506307,2000-10-25 00:00:00,62146,,,
0001506307,2001-10-23 00:00:00,101306,,,
0001506307,2002-10-15 00:00:00,112085,,,
0001506307,2003-10-14 00:00:00,121347,,,
0001506307,2004-02-13 00:00:00,124334,,,
0001506307,2004-08-18 00:00:00,130205,,,
0001506307,2005-08-05 00:00:00,140963,,,
0001506307,2007-05-30 00:00:00,153034,,,
0001507934,2000-05-19 00:00:00,57355,,,
0001507934,2005-05-20 00:00:00,141713,,,
0001512090,2005-06-29 00:00:00,139634,,,
0001512090,2006-02-23 00:00:00,147505,,,
0001512090,2006-12-28 00:00:00,158690,,,
0001514128,1997-12-10 00:00:00,45865,,,
0001514128,1999-07-30 00:00:00,54816,,,
0001514128,2003-03-31 00:00:00,115552,,,
0001514128,2004-05-28 00:00:00,127884,,,
0001514128,2007-01-18 00:00:00,158711,,,
0001515003,2007-08-01 00:00:00,164652,,,
0001517393,1997-01-01 00:00:00,32688,,,
0001517393,1998-02-10 00:00:00,44559,,,
0001517393,2002-12-03 00:00:00,112969,,,
0001517393,2003-06-27 00:00:00,122762,,,
0001517393,2006-05-02 00:00:00,148957,,,
0001517650,2000-12-21 00:00:00,67305,,,
0001518587,1997-01-21 00:00:00,35097,,,
0001518587,1997-11-05 00:00:00,41081,,,
0001518587,1999-10-25 00:00:00,55740,,,
0001518587,2003-10-06 00:00:00,120598,,,
0001518587,2004-12-09 00:00:00,133372,,,
0001518587,2005-12-19 00:00:00,145577,,,
0001518587,2007-01-02 00:00:00,152527,,,
0001519267,1998-04-07 00:00:00,46361,,,
0001519267,2002-05-14 00:00:00,107712,,,
0001521332,1999-01-04 00:00:00,49322,,,
0001521332,2001-06-22 00:00:00,65967,,,
0001521332,2002-06-21 00:00:00,107971,,,
0001521332,2003-06-20 00:00:00,117623,,,
0001521332,2004-06-18 00:00:00,127506,,,
0001521332,2005-05-26 00:00:00,138151,,,
0001521332,2005-11-21 00:00:00,143355,,,
0001525769,1997-05-29 00:00:00,37574,,,
0001525769,2000-06-30 00:00:00,59897,,,
0001525769,2003-10-29 00:00:00,121572,,,
0001525769,2004-11-01 00:00:00,132683,,,
0001525769,2006-03-08 00:00:00,144931,,,
0001528558,1998-07-29 00:00:00,46909,,,
0001528849,1998-04-30 00:00:00,114026,,,
0001528849,2000-02-02 00:00:00,59134,,,
0001528849,2002-11-26 00:00:00,114108,,,
0001528849,2004-06-03 00:00:00,134139,,,
0001530804,2005-11-17 00:00:00,143918,,,
0001532063,1998-04-01 00:00:00,43854,,,
0001532063,1999-04-01 00:00:00,50723,,,
0001532063,1999-04-01 00:00:00,51153,,,
0001532063,2004-02-13 00:00:00,123789,,,
0001532063,2005-10-14 00:00:00,141859,,,
0001540145,1996-10-15 00:00:00,31372,,,
0001540145,1997-09-18 00:00:00,39488,,,
0001540145,2000-05-25 00:00:00,58902,,,
0001540145,2002-10-18 00:00:00,111673,,,
0001548621,2000-06-20 00:00:00,59483,,,
0001548621,2006-05-03 00:00:00,148862,,,
0001550910,2005-11-29 00:00:00,144315,,,
0001555218,1996-08-16 00:00:00,32075,,,
0001555218,1997-08-13 00:00:00,40040,,,
0001555218,1998-07-07 00:00:00,46029,,,
0001555218,2000-12-20 00:00:00,64355,,,
0001555218,2003-10-30 00:00:00,121488,,,
0001556739,1998-06-05 00:00:00,47889,,,
0001556739,2002-12-06 00:00:00,111645,,,
0001556739,2004-09-01 00:00:00,129665,,,
0001556739,2005-12-13 00:00:00,145181,,,
0001556739,2006-04-24 00:00:00,149746,,,
0001556739,2007-08-23 00:00:00,165430,,,
0001559149,1996-12-15 00:00:00,118036,,,
0001559149,2002-12-01 00:00:00,117847,,,
0001560968,1998-06-24 00:00:00,45615,,,
0001560968,2003-07-31 00:00:00,120198,,,
0001560968,2006-12-20 00:00:00,156863,,,
0001568639,1996-12-12 00:00:00,34055,,,
0001570585,2002-04-30 00:00:00,114243,,,
0001570585,2003-04-29 00:00:00,125238,,,
0001570585,2007-06-15 00:00:00,161219,,,
0001571508,2000-03-15 00:00:00,59180,,,
0001571949,2007-01-12 00:00:00,158074,,,
0001571996,1996-06-06 00:00:00,31352,,,
0001574532,2001-02-20 00:00:00,65590,,,
0001574532,2002-06-28 00:00:00,108709,,,
0001574532,2004-03-30 00:00:00,125993,,,
0001574532,2004-08-13 00:00:00,130002,,,
0001574532,2004-12-31 00:00:00,137162,,,
0001574532,2005-12-23 00:00:00,145616,,,
0001574532,2006-06-13 00:00:00,150793,,,
0001574815,1998-09-30 00:00:00,49165,,,
0001574815,1999-11-30 00:00:00,56235,,,
0001574815,2003-08-13 00:00:00,118478,,,
0001574815,2004-05-20 00:00:00,127573,,,
0001574815,2005-03-18 00:00:00,136627,,,
0001574815,2005-06-30 00:00:00,139787,,,
0001574815,2006-11-10 00:00:00,154946,,,
0001575360,2003-01-06 00:00:00,122186,,,
0001575360,2006-07-28 00:00:00,151754,,,
0001575571,2003-02-07 00:00:00,113808,,,
0001575571,2005-03-11 00:00:00,136210,,,
0001575571,2005-11-04 00:00:00,142813,,,
0001578845,1999-02-03 00:00:00,109744,,,
0001578845,2000-07-05 00:00:00,59196,,,
0001578845,2003-05-30 00:00:00,116285,,,
0001578845,2005-02-10 00:00:00,135782,,,
0001578845,2005-09-08 00:00:00,142094,,,
0001578845,2006-11-03 00:00:00,147619,,,
0001585364,1996-06-30 00:00:00,31946,,,
0001585364,1999-09-23 00:00:00,53577,,,
0001585364,2005-03-16 00:00:00,136552,,,
0001585364,2006-10-30 00:00:00,155603,,,
0001585689,1996-10-18 00:00:00,31337,,,
0001585689,1999-11-30 00:00:00,54247,,,
0001585689,2000-09-27 00:00:00,110459,,,
0001585689,2000-10-06 00:00:00,62019,,,
0001585689,2000-11-28 00:00:00,62021,,,
0001585689,2001-11-27 00:00:00,103024,,,
0001585689,2002-11-26 00:00:00,112894,,,
0001585689,2003-08-29 00:00:00,119680,,,
0001585689,2005-03-23 00:00:00,136544,,,
0001585689,2006-01-22 00:00:00,145910,,,
0001586300,2000-07-05 00:00:00,102848,,,
0001587987,2002-12-31 00:00:00,129166,,,
0001587987,2005-08-31 00:00:00,142713,,,
0001587987,2007-10-19 00:00:00,167546,,,
0001591877,2001-06-01 00:00:00,100984,,,
0001591877,2003-05-05 00:00:00,117050,,,
0001591877,2007-08-09 00:00:00,167811,,,
0001593034,2001-12-21 00:00:00,103748,,,
0001593936,1996-06-20 00:00:00,31827,,,
0001593936,1998-08-28 00:00:00,48028,,,
0001593936,2001-05-01 00:00:00,65464,,,
0001593936,2004-10-06 00:00:00,132262,,,
0001593936,2005-11-18 00:00:00,144420,,,
0001593936,2006-10-31 00:00:00,153779,,,
0001593936,2006-10-31 00:00:00,170625,,,
0001593936,2007-01-19 00:00:00,158014,,,
0001595262,2004-04-05 00:00:00,124918,,,
0001595262,2005-03-09 00:00:00,135282,,,
0001595262,2006-02-01 00:00:00,146951,,,
0001595262,2006-07-27 00:00:00,152451,,,
0001598014,2005-01-06 00:00:00,136662,,,
0001598014,2007-09-07 00:00:00,165742,,,
0001603923,1996-06-26 00:00:00,33686,,,
0001603923,1996-12-06 00:00:00,34333,,,
0001603923,1998-02-17 00:00:00,45745,,,
0001603923,2001-04-26 00:00:00,65323,,,
0001603923,2003-05-14 00:00:00,116550,,,
0001603923,2005-01-14 00:00:00,136796,,,
0001603923,2005-08-25 00:00:00,141788,,,
0001603923,2006-05-02 00:00:00,149655,,,
0001608109,1996-12-23 00:00:00,33660,,,
0001608109,1997-06-27 00:00:00,37177,,,
0001608109,1998-02-13 00:00:00,42842,,,
0001608109,1999-02-12 00:00:00,50362,,,
0001608109,2000-02-11 00:00:00,56827,,,
0001608109,2001-02-07 00:00:00,63971,,,
0001608109,2002-01-25 00:00:00,105123,,,
0001608109,2003-01-31 00:00:00,112698,,,
0001608109,2003-12-22 00:00:00,121625,,,
0001608109,2004-12-16 00:00:00,132863,,,
0001608109,2007-04-25 00:00:00,159921,,,
0001608109,2007-04-25 00:00:00,161539,,,
0001613103,2002-01-24 00:00:00,103729,,,
0001613103,2003-01-23 00:00:00,114042,,,
0001613103,2004-01-22 00:00:00,124464,,,
0001613103,2005-01-20 00:00:00,134813,,,
0001614675,2000-01-31 00:00:00,63582,,,
0001614675,2002-09-16 00:00:00,110962,,,
0001614675,2004-12-22 00:00:00,132492,,,
0001614675,2005-06-13 00:00:00,143882,,,
0001616262,1996-04-05 00:00:00,39036,,,
0001616262,2001-08-31 00:00:00,101493,,,
0001617227,2002-10-29 00:00:00,114706,,,
0001617227,2003-05-12 00:00:00,116872,,,
0001617667,1998-05-01 00:00:00,44665,,,
0001617667,2001-12-20 00:00:00,102114,,,
0001617667,2005-07-08 00:00:00,138833,,,
0001617667,2007-05-31 00:00:00,161928,,,
0001617667,2007-05-31 00:00:00,161930,,,
0001618673,1996-07-08 00:00:00,34842,,,
0001618673,1999-03-05 00:00:00,51306,,,
0001618673,2001-10-16 00:00:00,101770,,,
0001618673,2003-04-28 00:00:00,116487,,,
0001618673,2005-10-07 00:00:00,143419,,,
0001618865,1997-08-29 00:00:00,40620,,,
0001618865,2004-11-23 00:00:00,135555,,,
0001622536,2002-06-25 00:00:00,108415,,,
0001622536,2003-06-24 00:00:00,117890,,,
0001622536,2004-06-22 00:00:00,127184,,,
0001622536,2005-06-22 00:00:00,139683,,,
0001622536,2005-12-15 00:00:00,145390,,,
0001622536,2005-12-15 00:00:00,146361,,,
0001622536,2006-06-09 00:00:00,150686,,,
0001622536,2007-05-04 00:00:00,161442,,,
0001623595,2006-07-26 00:00:00,152464,,,
0001623613,2005-07-21 00:00:00,139166,,,
0001623613,2006-07-24 00:00:00,152497,,,
0001623613,2007-10-02 00:00:00,167950,,,
0001624899,1996-05-13 00:00:00,29512,,,
0001624899,1999-01-26 00:00:00,50114,,,
0001624899,2000-06-19 00:00:00,59340,,,
0001624899,2002-03-28 00:00:00,106127,,,
0001624899,2004-03-29 00:00:00,125981,,,
0001624899,2005-06-16 00:00:00,139802,,,
0001624899,2007-09-13 00:00:00,166127,,,
0001635235,2001-05-01 00:00:00,67255,,,
0001635235,2006-06-07 00:00:00,151201,,,
0001635235,2007-10-31 00:00:00,168291,,,
0001636023,1997-01-21 00:00:00,34446,,,
0001636023,2000-06-30 00:00:00,59193,,,
0001636023,2004-12-07 00:00:00,133711,,,
0001636023,2005-06-06 00:00:00,138448,,,
0001637120,2000-01-19 00:00:00,93183,,,
0001637120,2000-01-20 00:00:00,94116,,,
0001637120,2001-01-09 00:00:00,97646,,,
0001637120,2002-05-27 00:00:00,104976,,,
0001637120,2003-12-15 00:00:00,121674,,,
0001637120,2004-09-01 00:00:00,129962,,,
0001637120,2004-11-03 00:00:00,132067,,,
0001637459,2000-11-28 00:00:00,56854,,,
0001637459,2004-09-23 00:00:00,130058,,,
0001637512,2001-12-20 00:00:00,102310,,,
0001637512,2004-10-20 00:00:00,133542,,,
0001637512,2004-10-20 00:00:00,143062,,,
0001639691,2006-01-13 00:00:00,146282,,,
0001644147,2002-08-26 00:00:00,110267,,,
0001644147,2004-06-09 00:00:00,127840,,,
0001644147,2005-10-06 00:00:00,138504,,,
0001644147,2006-10-12 00:00:00,154925,,,
0001644147,2007-02-08 00:00:00,158333,,,
0001645494,1998-05-21 00:00:00,46478,,,
0001645494,2001-08-03 00:00:00,66068,,,
0001645676,2002-07-03 00:00:00,109746,,,
0001645676,2003-04-04 00:00:00,115080,,,
0001645676,2004-05-14 00:00:00,130860,,,
0001645676,2005-05-16 00:00:00,138546,,,
0001645676,2007-04-23 00:00:00,161248,,,
0001645676,2007-05-31 00:00:00,163512,,,
0001645676,2007-11-06 00:00:00,165892,,,
0001647509,2002-03-05 00:00:00,105779,,,
0001647509,2004-03-22 00:00:00,125691,,,
0001647509,2005-04-07 00:00:00,137688,,,
0001647509,2007-06-07 00:00:00,162775,,,
0001650107,1996-11-04 00:00:00,31698,,,
0001650107,2007-08-03 00:00:00,164598,,,
0001651347,1997-11-03 00:00:00,40751,,,
0001651347,2003-08-11 00:00:00,118526,,,
0001651347,2007-07-31 00:00:00,164451,,,
0001656239,1997-03-27 00:00:00,36281,,,
0001656239,1998-10-14 00:00:00,48988,,,
0001656239,2003-05-12 00:00:00,114786,,,
0001656239,2003-12-17 00:00:00,121929,,,
0001656239,2004-08-27 00:00:00,129231,,,
0001656239,2005-12-14 00:00:00,144081,,,
0001656239,2006-03-16 00:00:00,147682,,,
0001657853,2005-05-26 00:00:00,138760,,,
0001657853,2005-12-21 00:00:00,143983,,,
0001661215,2002-12-18 00:00:00,112143,,,
0001661215,2004-09-30 00:00:00,130230,,,
0001661290,1999-12-20 00:00:00,56755,,,
0001661290,2000-08-15 00:00:00,60569,,,
0001661290,2003-03-28 00:00:00,115556,,,
0001661290,2003-04-15 00:00:00,128010,,,
0001661290,2005-12-27 00:00:00,148323,,,
0001661290,2006-09-22 00:00:00,154334,,,
0001661290,2007-06-19 00:00:00,163288,,,
0001671013,2005-05-17 00:00:00,138525,,,
0001672909,1998-06-03 00:00:00,53326,,,
0001674862,2004-04-02 00:00:00,126209,,,
0001674862,2005-03-21 00:00:00,136472,,,
0001674862,2007-04-09 00:00:00,160986,,,
0001678531,1996-06-25 00:00:00,35896,,,
0001678531,1997-04-15 00:00:00,37412,,,
0001678531,1998-05-19 00:00:00,45634,,,
0001678531,2000-05-05 00:00:00,58669,,,
0001678531,2003-03-04 00:00:00,114884,,,
0001678531,2004-03-10 00:00:00,125801,,,
0001678531,2005-04-22 00:00:00,137776,,,
0001678531,2006-07-28 00:00:00,152656,,,
0001681459,2001-10-10 00:00:00,67438,,,
0001688568,1999-08-20 00:00:00,54572,,,
0001688568,2000-08-18 00:00:00,60181,,,
0001688568,2001-08-16 00:00:00,66720,,,
0001688568,2002-08-16 00:00:00,109073,,,
0001688568,2003-08-15 00:00:00,119422,,,
0001688568,2004-08-13 00:00:00,130073,,,
0001688568,2006-08-23 00:00:00,153006,,,
0001688568,2007-06-25 00:00:00,163328,,,
0001688568,2007-07-12 00:00:00,163274,,,
0001689437,1996-10-07 00:00:00,35301,,,
0001689437,1997-02-07 00:00:00,35237,,,
0001689437,2002-06-30 00:00:00,110196,,,
0001692115,1997-06-12 00:00:00,37468,,,
0001692115,2002-05-10 00:00:00,107504,,,
0001692115,2004-05-04 00:00:00,126289,,,
0001692115,2005-04-06 00:00:00,139801,,,
0001692115,2006-04-20 00:00:00,149646,,,
0001692115,2007-05-18 00:00:00,165978,,,
0001692819,2002-04-24 00:00:00,107101,,,
0001692819,2002-08-30 00:00:00,111671,,,
0001692819,2003-04-22 00:00:00,116333,,,
0001692819,2004-04-26 00:00:00,132094,,,
0001692819,2004-06-24 00:00:00,128159,,,
0001692819,2005-03-31 00:00:00,136058,,,
0001692819,2005-08-12 00:00:00,141388,,,
0001692819,2006-05-26 00:00:00,150753,,,
0001692819,2007-03-01 00:00:00,160648,,,
0001694426,2005-05-02 00:00:00,137326,,,
0001694426,2006-10-13 00:00:00,154034,,,
0001694426,2007-03-30 00:00:00,175329,,,
0001699150,1996-09-26 00:00:00,33143,,,
0001699150,2001-08-31 00:00:00,105705,,,
0001699150,2002-03-06 00:00:00,105247,,,
0001699150,2004-09-01 00:00:00,130472,,,
0001699150,2005-05-13 00:00:00,138332,,,
0001699150,2006-08-16 00:00:00,153195,,,
0001702780,1996-04-17 00:00:00,29612,,,
0001702780,1996-09-05 00:00:00,32872,,,
0001702780,1996-09-05 00:00:00,32896,,,
0001702780,1997-04-02 00:00:00,33031,,,
0001702780,1997-06-06 00:00:00,36454,,,
0001702780,1998-03-04 00:00:00,45281,,,
0001702780,1998-05-28 00:00:00,43851,,,
0001702780,1998-05-28 00:00:00,43852,,,
0001702780,1998-05-28 00:00:00,53783,,,
0001702780,2002-03-22 00:00:00,105161,,,
0001702780,2002-03-22 00:00:00,105162,,,
0001702780,2003-03-14 00:00:00,114259,,,
0001702780,2003-03-14 00:00:00,114261,,,
0001702780,2003-12-19 00:00:00,122979,,,
0001702780,2004-08-20 00:00:00,129701,,,
0001702780,2006-02-01 00:00:00,146591,,,
0001702780,2006-07-05 00:00:00,150969,,,
0001702780,2007-05-18 00:00:00,161239,,,
0001702780,2007-05-18 00:00:00,161251,,,
0001708055,1998-03-06 00:00:00,61945,,,
0001708055,2002-03-25 00:00:00,106239,,,
0001711269,2002-06-06 00:00:00,127737,,,
0001711269,2004-03-12 00:00:00,125176,,,
0001711269,2005-05-06 00:00:00,138339,,,
0001711269,2006-03-17 00:00:00,147811,,,
0001714179,2006-09-13 00:00:00,153972,,,
0001725526,2004-02-04 00:00:00,125946,,,
0001725526,2006-03-17 00:00:00,147800,,,
0001725526,2007-11-06 00:00:00,167601,,,
